date,store_nbr,transactions
2017-05-17,1,1795
2017-05-17,2,1913
2017-05-17,3,3110
2017-05-17,4,1399
2017-05-17,5,1230
2017-05-17,6,1588
2017-05-17,7,1821
2017-05-17,8,2813
2017-05-17,9,1893
2017-05-17,10,833
2017-05-17,11,2131
2017-05-17,12,1140
2017-05-17,13,839
2017-05-17,14,1171
2017-05-17,15,1413
2017-05-17,16,724
2017-05-17,17,1431
2017-05-17,18,1272
2017-05-17,19,1108
2017-05-17,20,1381
2017-05-17,21,969
2017-05-17,22,742
2017-05-17,23,1059
2017-05-17,24,2242
2017-05-17,25,751
2017-05-17,26,662
2017-05-17,27,1614
2017-05-17,28,1228
2017-05-17,29,1108
2017-05-17,30,770
2017-05-17,31,1269
2017-05-17,32,629
2017-05-17,33,882
2017-05-17,34,2061
2017-05-17,35,599
2017-05-17,36,999
2017-05-17,37,1607
2017-05-17,38,1398
2017-05-17,39,1222
2017-05-17,40,1367
2017-05-17,41,1084
2017-05-17,42,1201
2017-05-17,43,1281
2017-05-17,44,4389
2017-05-17,45,3553
2017-05-17,46,3096
2017-05-17,47,3549
2017-05-17,48,2489
2017-05-17,49,3017
2017-05-17,50,2220
2017-05-17,51,1742
2017-05-17,52,2024
2017-05-17,53,1026
2017-05-17,54,706
2017-05-18,1,1662
2017-05-18,2,1629
2017-05-18,3,2811
2017-05-18,4,1167
2017-05-18,5,1185
2017-05-18,6,1512
2017-05-18,7,1770
2017-05-18,8,2427
2017-05-18,9,1835
2017-05-18,10,691
2017-05-18,11,2066
2017-05-18,12,1100
2017-05-18,13,802
2017-05-18,14,1185
2017-05-18,15,1309
2017-05-18,16,696
2017-05-18,17,1227
2017-05-18,18,1169
2017-05-18,19,908
2017-05-18,20,1239
2017-05-18,21,921
2017-05-18,22,727
2017-05-18,23,931
2017-05-18,24,1962
2017-05-18,25,668
2017-05-18,26,486
2017-05-18,27,1393
2017-05-18,28,1136
2017-05-18,29,1071
2017-05-18,30,733
2017-05-18,31,1201
2017-05-18,32,605
2017-05-18,33,816
2017-05-18,34,1869
2017-05-18,35,660
2017-05-18,36,1047
2017-05-18,37,1385
2017-05-18,38,1196
2017-05-18,39,1156
2017-05-18,40,1165
2017-05-18,41,900
2017-05-18,42,1001
2017-05-18,43,1230
2017-05-18,44,3778
2017-05-18,45,3109
2017-05-18,46,2913
2017-05-18,47,3285
2017-05-18,48,2241
2017-05-18,49,2734
2017-05-18,50,2052
2017-05-18,51,1385
2017-05-18,52,1756
2017-05-18,53,957
2017-05-18,54,702
2017-05-19,1,1897
2017-05-19,2,1844
2017-05-19,3,3056
2017-05-19,4,1439
2017-05-19,5,1249
2017-05-19,6,1686
2017-05-19,7,2115
2017-05-19,8,2980
2017-05-19,9,1739
2017-05-19,10,799
2017-05-19,11,2069
2017-05-19,12,1182
2017-05-19,13,827
2017-05-19,14,1098
2017-05-19,15,1328
2017-05-19,16,675
2017-05-19,17,1235
2017-05-19,18,1232
2017-05-19,19,992
2017-05-19,20,1374
2017-05-19,21,977
2017-05-19,22,807
2017-05-19,23,1010
2017-05-19,24,2338
2017-05-19,25,872
2017-05-19,26,547
2017-05-19,27,1550
2017-05-19,28,1024
2017-05-19,29,999
2017-05-19,30,697
2017-05-19,31,1228
2017-05-19,32,599
2017-05-19,33,833
2017-05-19,34,2178
2017-05-19,35,611
2017-05-19,36,983
2017-05-19,37,1605
2017-05-19,38,1395
2017-05-19,39,1276
2017-05-19,40,1262
2017-05-19,41,1070
2017-05-19,42,1161
2017-05-19,43,1195
2017-05-19,44,4601
2017-05-19,45,3930
2017-05-19,46,3226
2017-05-19,47,3692
2017-05-19,48,2587
2017-05-19,49,3214
2017-05-19,50,2381
2017-05-19,51,1782
2017-05-19,52,2067
2017-05-19,53,1069
2017-05-19,54,704
2017-05-20,1,1284
2017-05-20,2,2072
2017-05-20,3,3599
2017-05-20,4,1494
2017-05-20,5,1216
2017-05-20,6,2050
2017-05-20,7,1887
2017-05-20,8,2869
2017-05-20,9,2229
2017-05-20,10,1093
2017-05-20,11,2401
2017-05-20,12,1308
2017-05-20,13,1078
2017-05-20,14,1596
2017-05-20,15,1353
2017-05-20,16,741
2017-05-20,17,1677
2017-05-20,18,1315
2017-05-20,19,1691
2017-05-20,20,1935
2017-05-20,21,1178
2017-05-20,22,861
2017-05-20,23,1020
2017-05-20,24,2402
2017-05-20,25,1044
2017-05-20,26,589
2017-05-20,27,1840
2017-05-20,28,1444
2017-05-20,29,1296
2017-05-20,30,730
2017-05-20,31,1445
2017-05-20,32,769
2017-05-20,33,1001
2017-05-20,34,2298
2017-05-20,35,742
2017-05-20,36,1144
2017-05-20,37,1609
2017-05-20,38,2026
2017-05-20,39,1719
2017-05-20,40,1381
2017-05-20,41,1264
2017-05-20,42,1429
2017-05-20,43,1552
2017-05-20,44,5369
2017-05-20,45,4424
2017-05-20,46,4464
2017-05-20,47,4548
2017-05-20,48,3537
2017-05-20,49,3527
2017-05-20,50,3261
2017-05-20,51,1839
2017-05-20,52,2806
2017-05-20,53,1347
2017-05-20,54,916
2017-05-21,1,495
2017-05-21,2,2146
2017-05-21,3,3795
2017-05-21,4,1578
2017-05-21,5,1196
2017-05-21,6,2070
2017-05-21,7,1720
2017-05-21,8,2938
2017-05-21,9,2159
2017-05-21,10,912
2017-05-21,11,2339
2017-05-21,12,1297
2017-05-21,13,873
2017-05-21,14,1073
2017-05-21,15,1072
2017-05-21,16,930
2017-05-21,17,1790
2017-05-21,18,1291
2017-05-21,19,1194
2017-05-21,20,2206
2017-05-21,21,1535
2017-05-21,22,789
2017-05-21,23,988
2017-05-21,24,1887
2017-05-21,25,866
2017-05-21,26,661
2017-05-21,27,2079
2017-05-21,28,1749
2017-05-21,29,1569
2017-05-21,30,726
2017-05-21,31,1625
2017-05-21,32,681
2017-05-21,33,969
2017-05-21,34,2047
2017-05-21,35,801
2017-05-21,36,1152
2017-05-21,37,1268
2017-05-21,38,2015
2017-05-21,39,1735
2017-05-21,40,1397
2017-05-21,41,1541
2017-05-21,42,1481
2017-05-21,43,1747
2017-05-21,44,5659
2017-05-21,45,4725
2017-05-21,46,4702
2017-05-21,47,4529
2017-05-21,48,3707
2017-05-21,49,3551
2017-05-21,50,3114
2017-05-21,51,1971
2017-05-21,52,2827
2017-05-21,53,1322
2017-05-21,54,1137
2017-05-22,1,1758
2017-05-22,2,1802
2017-05-22,3,2877
2017-05-22,4,1266
2017-05-22,5,1174
2017-05-22,6,1624
2017-05-22,7,1838
2017-05-22,8,2580
2017-05-22,9,1874
2017-05-22,10,876
2017-05-22,11,2167
2017-05-22,12,1239
2017-05-22,13,882
2017-05-22,14,1407
2017-05-22,15,1570
2017-05-22,16,663
2017-05-22,17,1447
2017-05-22,18,1327
2017-05-22,19,1156
2017-05-22,20,1438
2017-05-22,21,957
2017-05-22,22,813
2017-05-22,23,962
2017-05-22,24,2087
2017-05-22,25,760
2017-05-22,26,498
2017-05-22,27,1517
2017-05-22,28,1105
2017-05-22,29,1102
2017-05-22,30,682
2017-05-22,31,1330
2017-05-22,32,622
2017-05-22,33,917
2017-05-22,34,1876
2017-05-22,35,669
2017-05-22,36,1047
2017-05-22,37,1470
2017-05-22,38,1366
2017-05-22,39,1294
2017-05-22,40,1557
2017-05-22,41,1096
2017-05-22,42,1038
2017-05-22,43,1380
2017-05-22,44,4101
2017-05-22,45,3466
2017-05-22,46,3086
2017-05-22,47,3614
2017-05-22,48,2502
2017-05-22,49,2785
2017-05-22,50,2230
2017-05-22,51,1494
2017-05-22,52,1934
2017-05-22,53,978
2017-05-22,54,749
2017-05-23,1,1701
2017-05-23,2,1701
2017-05-23,3,2638
2017-05-23,4,1247
2017-05-23,5,1168
2017-05-23,6,1632
2017-05-23,7,1786
2017-05-23,8,2498
2017-05-23,9,1919
2017-05-23,10,846
2017-05-23,11,2309
2017-05-23,12,1170
2017-05-23,13,847
2017-05-23,14,1295
2017-05-23,15,1460
2017-05-23,16,722
2017-05-23,17,1530
2017-05-23,18,1417
2017-05-23,19,1029
2017-05-23,20,1347
2017-05-23,21,1013
2017-05-23,22,686
2017-05-23,23,939
2017-05-23,24,2036
2017-05-23,25,713
2017-05-23,26,511
2017-05-23,27,1390
2017-05-23,28,1287
2017-05-23,29,1187
2017-05-23,30,820
2017-05-23,31,1337
2017-05-23,32,586
2017-05-23,33,944
2017-05-23,34,2005
2017-05-23,35,669
2017-05-23,36,1192
2017-05-23,37,1417
2017-05-23,38,1324
2017-05-23,39,1377
2017-05-23,40,1460
2017-05-23,41,997
2017-05-23,42,1061
2017-05-23,43,1370
2017-05-23,44,4094
2017-05-23,45,3242
2017-05-23,46,2863
2017-05-23,47,3241
2017-05-23,48,2340
2017-05-23,49,2497
2017-05-23,50,2334
2017-05-23,51,1469
2017-05-23,52,1676
2017-05-23,53,918
2017-05-23,54,751
2017-05-24,1,1844
2017-05-24,2,1776
2017-05-24,3,2965
2017-05-24,4,1322
2017-05-24,5,1177
2017-05-24,6,1601
2017-05-24,7,1920
2017-05-24,8,2656
2017-05-24,9,1695
2017-05-24,10,801
2017-05-24,11,2088
2017-05-24,12,1192
2017-05-24,13,828
2017-05-24,14,1265
2017-05-24,15,1387
2017-05-24,16,645
2017-05-24,17,1350
2017-05-24,18,1148
2017-05-24,19,1000
2017-05-24,20,1368
2017-05-24,21,873
2017-05-24,22,680
2017-05-24,23,1002
2017-05-24,24,2101
2017-05-24,25,781
2017-05-24,26,527
2017-05-24,27,1510
2017-05-24,28,1079
2017-05-24,29,1038
2017-05-24,30,694
2017-05-24,31,1100
2017-05-24,32,560
2017-05-24,33,826
2017-05-24,34,1824
2017-05-24,35,645
2017-05-24,36,1149
2017-05-24,37,1514
2017-05-24,38,1406
2017-05-24,39,1126
2017-05-24,40,1198
2017-05-24,41,994
2017-05-24,42,1087
2017-05-24,43,1217
2017-05-24,44,4200
2017-05-24,45,3417
2017-05-24,46,2903
2017-05-24,47,3430
2017-05-24,48,2474
2017-05-24,49,2803
2017-05-24,50,2242
2017-05-24,51,1686
2017-05-24,52,2005
2017-05-24,53,1087
2017-05-24,54,673
2017-05-25,1,1663
2017-05-25,2,1662
2017-05-25,3,2841
2017-05-25,4,1249
2017-05-25,5,1130
2017-05-25,6,1515
2017-05-25,7,1844
2017-05-25,8,2507
2017-05-25,9,1638
2017-05-25,10,744
2017-05-25,11,1927
2017-05-25,12,1105
2017-05-25,13,801
2017-05-25,14,1175
2017-05-25,15,1256
2017-05-25,16,635
2017-05-25,17,1237
2017-05-25,18,1100
2017-05-25,19,971
2017-05-25,20,1238
2017-05-25,21,889
2017-05-25,22,681
2017-05-25,23,961
2017-05-25,24,2024
2017-05-25,25,913
2017-05-25,26,391
2017-05-25,27,1309
2017-05-25,28,1055
2017-05-25,29,944
2017-05-25,30,664
2017-05-25,31,1288
2017-05-25,32,535
2017-05-25,33,743
2017-05-25,34,2196
2017-05-25,35,629
2017-05-25,36,992
2017-05-25,37,1467
2017-05-25,38,1270
2017-05-25,39,1282
2017-05-25,40,1175
2017-05-25,41,943
2017-05-25,42,1013
2017-05-25,43,1246
2017-05-25,44,3981
2017-05-25,45,3199
2017-05-25,46,2869
2017-05-25,47,3312
2017-05-25,48,2264
2017-05-25,49,2769
2017-05-25,50,2313
2017-05-25,51,1406
2017-05-25,52,1904
2017-05-25,53,926
2017-05-25,54,710
2017-05-26,1,580
2017-05-26,2,1850
2017-05-26,3,3543
2017-05-26,4,1423
2017-05-26,5,1223
2017-05-26,6,1982
2017-05-26,7,1758
2017-05-26,8,2514
2017-05-26,9,1925
2017-05-26,10,708
2017-05-26,11,2263
2017-05-26,12,1164
2017-05-26,13,859
2017-05-26,14,1141
2017-05-26,15,1245
2017-05-26,16,702
2017-05-26,17,1564
2017-05-26,18,1030
2017-05-26,19,1129
2017-05-26,20,1635
2017-05-26,21,1119
2017-05-26,22,758
2017-05-26,23,1063
2017-05-26,24,1973
2017-05-26,25,2204
2017-05-26,26,616
2017-05-26,27,1952
2017-05-26,28,1411
2017-05-26,29,1198
2017-05-26,30,665
2017-05-26,31,1392
2017-05-26,32,623
2017-05-26,33,819
2017-05-26,34,2346
2017-05-26,35,868
2017-05-26,36,1255
2017-05-26,37,1455
2017-05-26,38,1782
2017-05-26,39,1399
2017-05-26,40,1078
2017-05-26,41,1318
2017-05-26,42,1346
2017-05-26,43,1491
2017-05-26,44,5395
2017-05-26,45,4569
2017-05-26,46,4380
2017-05-26,47,4479
2017-05-26,48,3493
2017-05-26,49,3483
2017-05-26,50,3198
2017-05-26,51,1829
2017-05-26,52,3172
2017-05-26,53,1295
2017-05-26,54,793
2017-05-27,1,1116
2017-05-27,2,1875
2017-05-27,3,3187
2017-05-27,4,1422
2017-05-27,5,1244
2017-05-27,6,1946
2017-05-27,7,1678
2017-05-27,8,2417
2017-05-27,9,1943
2017-05-27,10,932
2017-05-27,11,2416
2017-05-27,12,1263
2017-05-27,13,1109
2017-05-27,14,1575
2017-05-27,15,1281
2017-05-27,16,793
2017-05-27,17,1492
2017-05-27,18,1053
2017-05-27,19,1593
2017-05-27,20,1571
2017-05-27,21,1217
2017-05-27,22,847
2017-05-27,23,1011
2017-05-27,24,1908
2017-05-27,25,1843
2017-05-27,26,538
2017-05-27,27,1788
2017-05-27,28,1403
2017-05-27,29,1155
2017-05-27,30,662
2017-05-27,31,1395
2017-05-27,32,671
2017-05-27,33,999
2017-05-27,34,2051
2017-05-27,35,893
2017-05-27,36,1261
2017-05-27,37,1446
2017-05-27,38,1956
2017-05-27,39,1665
2017-05-27,40,1415
2017-05-27,41,1362
2017-05-27,42,1350
2017-05-27,43,1500
2017-05-27,44,5034
2017-05-27,45,4333
2017-05-27,46,4081
2017-05-27,47,4080
2017-05-27,48,3423
2017-05-27,49,3197
2017-05-27,50,3254
2017-05-27,51,1623
2017-05-27,52,2958
2017-05-27,53,1318
2017-05-27,54,966
2017-05-28,1,512
2017-05-28,2,1884
2017-05-28,3,3442
2017-05-28,4,1563
2017-05-28,5,1112
2017-05-28,6,2044
2017-05-28,7,1569
2017-05-28,8,2500
2017-05-28,9,1945
2017-05-28,10,789
2017-05-28,11,2497
2017-05-28,12,1314
2017-05-28,13,890
2017-05-28,14,913
2017-05-28,15,1029
2017-05-28,16,760
2017-05-28,17,1627
2017-05-28,18,1234
2017-05-28,19,1090
2017-05-28,20,2037
2017-05-28,21,1424
2017-05-28,22,776
2017-05-28,23,855
2017-05-28,24,1616
2017-05-28,25,1020
2017-05-28,26,526
2017-05-28,27,1909
2017-05-28,28,1616
2017-05-28,29,1386
2017-05-28,30,679
2017-05-28,31,1765
2017-05-28,32,617
2017-05-28,33,990
2017-05-28,34,2034
2017-05-28,35,767
2017-05-28,36,1136
2017-05-28,37,1064
2017-05-28,38,1799
2017-05-28,39,1486
2017-05-28,40,1224
2017-05-28,41,1410
2017-05-28,42,1280
2017-05-28,43,1719
2017-05-28,44,4784
2017-05-28,45,4382
2017-05-28,46,4439
2017-05-28,47,4303
2017-05-28,48,3724
2017-05-28,49,3408
2017-05-28,50,3152
2017-05-28,51,1650
2017-05-28,52,2807
2017-05-28,53,1358
2017-05-28,54,1114
2017-05-29,1,1750
2017-05-29,2,1793
2017-05-29,3,2896
2017-05-29,4,1242
2017-05-29,5,1296
2017-05-29,6,1603
2017-05-29,7,1813
2017-05-29,8,2503
2017-05-29,9,1859
2017-05-29,10,845
2017-05-29,11,2126
2017-05-29,12,1170
2017-05-29,13,843
2017-05-29,14,1356
2017-05-29,15,1479
2017-05-29,16,781
2017-05-29,17,1424
2017-05-29,18,1298
2017-05-29,19,1183
2017-05-29,20,1325
2017-05-29,21,1004
2017-05-29,22,819
2017-05-29,23,906
2017-05-29,24,2070
2017-05-29,25,740
2017-05-29,26,511
2017-05-29,27,1550
2017-05-29,28,1111
2017-05-29,29,1074
2017-05-29,30,735
2017-05-29,31,1349
2017-05-29,32,553
2017-05-29,33,899
2017-05-29,34,2089
2017-05-29,35,657
2017-05-29,36,1047
2017-05-29,37,1427
2017-05-29,38,1323
2017-05-29,39,1255
2017-05-29,40,1453
2017-05-29,41,1143
2017-05-29,42,1053
2017-05-29,43,1513
2017-05-29,44,3927
2017-05-29,45,3380
2017-05-29,46,2896
2017-05-29,47,3288
2017-05-29,48,2381
2017-05-29,49,2831
2017-05-29,50,2368
2017-05-29,51,1562
2017-05-29,52,1808
2017-05-29,53,963
2017-05-29,54,851
2017-05-30,1,1770
2017-05-30,2,1724
2017-05-30,3,2726
2017-05-30,4,1179
2017-05-30,5,1296
2017-05-30,6,1631
2017-05-30,7,1779
2017-05-30,8,2501
2017-05-30,9,1875
2017-05-30,10,907
2017-05-30,11,2169
2017-05-30,12,1176
2017-05-30,13,834
2017-05-30,14,1261
2017-05-30,15,1455
2017-05-30,16,756
2017-05-30,17,1450
2017-05-30,18,1387
2017-05-30,19,1219
2017-05-30,20,1395
2017-05-30,21,996
2017-05-30,22,755
2017-05-30,23,954
2017-05-30,24,2087
2017-05-30,25,703
2017-05-30,26,506
2017-05-30,27,1489
2017-05-30,28,1374
2017-05-30,29,1281
2017-05-30,30,841
2017-05-30,31,1410
2017-05-30,32,624
2017-05-30,33,1048
2017-05-30,34,1983
2017-05-30,35,723
2017-05-30,36,1284
2017-05-30,37,1375
2017-05-30,38,1292
2017-05-30,39,1374
2017-05-30,40,1447
2017-05-30,41,1013
2017-05-30,42,1040
2017-05-30,43,1601
2017-05-30,44,3904
2017-05-30,45,3233
2017-05-30,46,2769
2017-05-30,47,3334
2017-05-30,48,2274
2017-05-30,49,2583
2017-05-30,50,2211
2017-05-30,51,1490
2017-05-30,52,1849
2017-05-30,53,1039
2017-05-30,54,834
2017-05-31,1,1878
2017-05-31,2,2000
2017-05-31,3,3201
2017-05-31,4,1385
2017-05-31,5,1430
2017-05-31,6,1781
2017-05-31,7,2024
2017-05-31,8,2881
2017-05-31,9,1998
2017-05-31,10,977
2017-05-31,11,2388
2017-05-31,12,1245
2017-05-31,13,926
2017-05-31,14,1384
2017-05-31,15,1442
2017-05-31,16,877
2017-05-31,17,1538
2017-05-31,18,1286
2017-05-31,19,1248
2017-05-31,20,1618
2017-05-31,21,1134
2017-05-31,22,862
2017-05-31,23,1040
2017-05-31,24,2341
2017-05-31,25,882
2017-05-31,26,725
2017-05-31,27,1745
2017-05-31,28,1514
2017-05-31,29,1324
2017-05-31,30,943
2017-05-31,31,1446
2017-05-31,32,779
2017-05-31,33,933
2017-05-31,34,2256
2017-05-31,35,710
2017-05-31,36,1277
2017-05-31,37,1481
2017-05-31,38,1533
2017-05-31,39,1311
2017-05-31,40,1471
2017-05-31,41,1224
2017-05-31,42,1079
2017-05-31,43,1892
2017-05-31,44,4409
2017-05-31,45,3538
2017-05-31,46,3242
2017-05-31,47,3868
2017-05-31,48,2598
2017-05-31,49,3053
2017-05-31,50,2547
2017-05-31,51,1814
2017-05-31,52,2353
2017-05-31,53,1421
2017-05-31,54,1113
2017-06-01,1,1815
2017-06-01,2,1802
2017-06-01,3,3066
2017-06-01,4,1289
2017-06-01,5,1266
2017-06-01,6,1648
2017-06-01,7,1896
2017-06-01,8,2754
2017-06-01,9,2337
2017-06-01,10,881
2017-06-01,11,2816
2017-06-01,12,1229
2017-06-01,13,950
2017-06-01,14,1393
2017-06-01,15,1434
2017-06-01,16,790
2017-06-01,17,1446
2017-06-01,18,1412
2017-06-01,19,1175
2017-06-01,20,1684
2017-06-01,21,1103
2017-06-01,22,872
2017-06-01,23,1006
2017-06-01,24,2103
2017-06-01,25,727
2017-06-01,26,611
2017-06-01,27,1443
2017-06-01,28,1389
2017-06-01,29,1155
2017-06-01,30,729
2017-06-01,31,1520
2017-06-01,32,699
2017-06-01,33,913
2017-06-01,34,2051
2017-06-01,35,736
2017-06-01,36,1143
2017-06-01,37,1511
2017-06-01,38,1567
2017-06-01,39,1346
2017-06-01,40,1459
2017-06-01,41,1117
2017-06-01,42,1184
2017-06-01,43,1412
2017-06-01,44,4165
2017-06-01,45,3717
2017-06-01,46,3400
2017-06-01,47,3766
2017-06-01,48,2908
2017-06-01,49,3107
2017-06-01,50,2778
2017-06-01,51,1461
2017-06-01,52,2109
2017-06-01,53,1090
2017-06-01,54,791
2017-06-02,1,1925
2017-06-02,2,1921
2017-06-02,3,3484
2017-06-02,4,1442
2017-06-02,5,1356
2017-06-02,6,1823
2017-06-02,7,2057
2017-06-02,8,3044
2017-06-02,9,1995
2017-06-02,10,845
2017-06-02,11,2416
2017-06-02,12,1191
2017-06-02,13,835
2017-06-02,14,1260
2017-06-02,15,1419
2017-06-02,16,708
2017-06-02,17,1379
2017-06-02,18,1238
2017-06-02,19,1049
2017-06-02,20,1491
2017-06-02,21,1025
2017-06-02,22,810
2017-06-02,23,1100
2017-06-02,24,2274
2017-06-02,25,873
2017-06-02,26,659
2017-06-02,27,1506
2017-06-02,28,1100
2017-06-02,29,1053
2017-06-02,30,691
2017-06-02,31,1263
2017-06-02,32,589
2017-06-02,33,935
2017-06-02,34,2309
2017-06-02,35,720
2017-06-02,36,1039
2017-06-02,37,1690
2017-06-02,38,1587
2017-06-02,39,1442
2017-06-02,40,1312
2017-06-02,41,1074
2017-06-02,42,1261
2017-06-02,43,1373
2017-06-02,44,4630
2017-06-02,45,4234
2017-06-02,46,3370
2017-06-02,47,4102
2017-06-02,48,2876
2017-06-02,49,3487
2017-06-02,50,2652
2017-06-02,51,1869
2017-06-02,52,2068
2017-06-02,53,1167
2017-06-02,54,822
2017-06-03,1,1420
2017-06-03,2,2160
2017-06-03,3,3819
2017-06-03,4,1586
2017-06-03,5,1326
2017-06-03,6,2177
2017-06-03,7,1994
2017-06-03,8,2983
2017-06-03,9,2436
2017-06-03,10,1094
2017-06-03,11,3032
2017-06-03,12,1347
2017-06-03,13,1262
2017-06-03,14,1655
2017-06-03,15,1354
2017-06-03,16,1013
2017-06-03,17,1753
2017-06-03,18,1360
2017-06-03,19,1771
2017-06-03,20,2011
2017-06-03,21,1327
2017-06-03,22,857
2017-06-03,23,1067
2017-06-03,24,2438
2017-06-03,25,1049
2017-06-03,26,671
2017-06-03,27,1835
2017-06-03,28,1546
2017-06-03,29,1388
2017-06-03,30,730
2017-06-03,31,1578
2017-06-03,32,706
2017-06-03,33,1062
2017-06-03,34,2387
2017-06-03,35,765
2017-06-03,36,1185
2017-06-03,37,1567
2017-06-03,38,2147
2017-06-03,39,1831
2017-06-03,40,1446
2017-06-03,41,1331
2017-06-03,42,1484
2017-06-03,43,1573
2017-06-03,44,5307
2017-06-03,45,4747
2017-06-03,46,4744
2017-06-03,47,4771
2017-06-03,48,4037
2017-06-03,49,3418
2017-06-03,50,3427
2017-06-03,51,1937
2017-06-03,52,2686
2017-06-03,53,1405
2017-06-03,54,963
2017-06-04,1,525
2017-06-04,2,2054
2017-06-04,3,3956
2017-06-04,4,1686
2017-06-04,5,1304
2017-06-04,6,2231
2017-06-04,7,1754
2017-06-04,8,2917
2017-06-04,9,2412
2017-06-04,10,1003
2017-06-04,11,2977
2017-06-04,12,1386
2017-06-04,13,981
2017-06-04,14,1070
2017-06-04,15,1209
2017-06-04,16,921
2017-06-04,17,1874
2017-06-04,18,1422
2017-06-04,19,1161
2017-06-04,20,2354
2017-06-04,21,1648
2017-06-04,22,955
2017-06-04,23,1012
2017-06-04,24,1935
2017-06-04,25,858
2017-06-04,26,662
2017-06-04,27,1968
2017-06-04,28,1870
2017-06-04,29,1595
2017-06-04,30,693
2017-06-04,31,1816
2017-06-04,32,695
2017-06-04,33,1130
2017-06-04,34,2208
2017-06-04,35,791
2017-06-04,36,1250
2017-06-04,37,1298
2017-06-04,38,2139
2017-06-04,39,1749
2017-06-04,40,1378
2017-06-04,41,1654
2017-06-04,42,1534
2017-06-04,43,1814
2017-06-04,44,5260
2017-06-04,45,5074
2017-06-04,46,5025
2017-06-04,47,4924
2017-06-04,48,4389
2017-06-04,49,3872
2017-06-04,50,3337
2017-06-04,51,1961
2017-06-04,52,2783
2017-06-04,53,1393
2017-06-04,54,1105
2017-06-05,1,1883
2017-06-05,2,1899
2017-06-05,3,3161
2017-06-05,4,1284
2017-06-05,5,1319
2017-06-05,6,1689
2017-06-05,7,1942
2017-06-05,8,2777
2017-06-05,9,2189
2017-06-05,10,927
2017-06-05,11,2440
2017-06-05,12,1277
2017-06-05,13,907
2017-06-05,14,1504
2017-06-05,15,1452
2017-06-05,16,747
2017-06-05,17,1500
2017-06-05,18,1378
2017-06-05,19,1156
2017-06-05,20,1605
2017-06-05,21,1019
2017-06-05,22,808
2017-06-05,23,959
2017-06-05,24,2152
2017-06-05,25,717
2017-06-05,26,521
2017-06-05,27,1551
2017-06-05,28,1167
2017-06-05,29,1140
2017-06-05,30,788
2017-06-05,31,1375
2017-06-05,32,591
2017-06-05,33,952
2017-06-05,34,2068
2017-06-05,35,652
2017-06-05,36,1066
2017-06-05,37,1515
2017-06-05,38,1389
2017-06-05,39,1305
2017-06-05,40,1547
2017-06-05,41,1163
2017-06-05,42,1142
2017-06-05,43,1442
2017-06-05,44,4094
2017-06-05,45,3745
2017-06-05,46,3299
2017-06-05,47,3661
2017-06-05,48,2691
2017-06-05,49,2960
2017-06-05,50,2418
2017-06-05,51,1499
2017-06-05,52,1885
2017-06-05,53,1003
2017-06-05,54,953
2017-06-06,1,1816
2017-06-06,2,1763
2017-06-06,3,2808
2017-06-06,4,1256
2017-06-06,5,1202
2017-06-06,6,1638
2017-06-06,7,1792
2017-06-06,8,2521
2017-06-06,9,2039
2017-06-06,10,909
2017-06-06,11,2394
2017-06-06,12,1152
2017-06-06,13,878
2017-06-06,14,1351
2017-06-06,15,1464
2017-06-06,16,690
2017-06-06,17,1544
2017-06-06,18,1498
2017-06-06,19,1068
2017-06-06,20,1421
2017-06-06,21,1119
2017-06-06,22,833
2017-06-06,23,962
2017-06-06,24,2138
2017-06-06,25,656
2017-06-06,26,496
2017-06-06,27,1456
2017-06-06,28,1354
2017-06-06,29,1219
2017-06-06,30,775
2017-06-06,31,1358
2017-06-06,32,599
2017-06-06,33,1035
2017-06-06,34,2068
2017-06-06,35,739
2017-06-06,36,1231
2017-06-06,37,1501
2017-06-06,38,1313
2017-06-06,39,1498
2017-06-06,40,1519
2017-06-06,41,995
2017-06-06,42,1028
2017-06-06,43,1399
2017-06-06,44,3885
2017-06-06,45,3368
2017-06-06,46,2973
2017-06-06,47,3456
2017-06-06,48,2537
2017-06-06,49,2641
2017-06-06,50,2298
2017-06-06,51,1385
2017-06-06,52,1696
2017-06-06,53,968
2017-06-06,54,745
2017-06-07,1,1889
2017-06-07,2,1880
2017-06-07,3,3103
2017-06-07,4,1344
2017-06-07,5,1267
2017-06-07,6,1651
2017-06-07,7,2048
2017-06-07,8,2806
2017-06-07,9,1869
2017-06-07,10,904
2017-06-07,11,2298
2017-06-07,12,1176
2017-06-07,13,834
2017-06-07,14,1266
2017-06-07,15,1495
2017-06-07,16,659
2017-06-07,17,1438
2017-06-07,18,1311
2017-06-07,19,1111
2017-06-07,20,1378
2017-06-07,21,976
2017-06-07,22,803
2017-06-07,23,959
2017-06-07,24,2175
2017-06-07,25,761
2017-06-07,26,512
2017-06-07,27,1584
2017-06-07,28,1126
2017-06-07,29,1084
2017-06-07,30,695
2017-06-07,31,1225
2017-06-07,32,561
2017-06-07,33,846
2017-06-07,34,1837
2017-06-07,35,605
2017-06-07,36,1000
2017-06-07,37,1576
2017-06-07,38,1402
2017-06-07,39,1280
2017-06-07,40,1326
2017-06-07,41,1156
2017-06-07,42,1144
2017-06-07,43,1297
2017-06-07,44,4516
2017-06-07,45,3608
2017-06-07,46,3151
2017-06-07,47,3692
2017-06-07,48,2548
2017-06-07,49,2979
2017-06-07,50,2292
2017-06-07,51,1629
2017-06-07,52,1894
2017-06-07,53,1057
2017-06-07,54,735
2017-06-08,1,1694
2017-06-08,2,1688
2017-06-08,3,2706
2017-06-08,4,1215
2017-06-08,5,1142
2017-06-08,6,1541
2017-06-08,7,1749
2017-06-08,8,2509
2017-06-08,9,1835
2017-06-08,10,799
2017-06-08,11,2039
2017-06-08,12,1248
2017-06-08,13,823
2017-06-08,14,1214
2017-06-08,15,1328
2017-06-08,16,675
2017-06-08,17,1254
2017-06-08,18,1252
2017-06-08,19,978
2017-06-08,20,1285
2017-06-08,21,892
2017-06-08,22,742
2017-06-08,23,936
2017-06-08,24,2060
2017-06-08,25,695
2017-06-08,26,435
2017-06-08,27,1401
2017-06-08,28,1083
2017-06-08,29,979
2017-06-08,30,739
2017-06-08,31,1354
2017-06-08,32,548
2017-06-08,33,845
2017-06-08,34,1921
2017-06-08,35,626
2017-06-08,36,1026
2017-06-08,37,1402
2017-06-08,38,1291
2017-06-08,39,1336
2017-06-08,40,1288
2017-06-08,41,984
2017-06-08,42,1031
2017-06-08,43,1287
2017-06-08,44,3740
2017-06-08,45,3092
2017-06-08,46,2850
2017-06-08,47,3123
2017-06-08,48,2244
2017-06-08,49,2783
2017-06-08,50,2082
2017-06-08,51,1431
2017-06-08,52,1725
2017-06-08,53,897
2017-06-08,54,658
2017-06-09,1,1886
2017-06-09,2,1888
2017-06-09,3,3280
2017-06-09,4,1351
2017-06-09,5,1260
2017-06-09,6,1750
2017-06-09,7,2127
2017-06-09,8,2813
2017-06-09,9,1825
2017-06-09,10,762
2017-06-09,11,2260
2017-06-09,12,1136
2017-06-09,13,818
2017-06-09,14,1304
2017-06-09,15,1306
2017-06-09,16,693
2017-06-09,17,1353
2017-06-09,18,1210
2017-06-09,19,1046
2017-06-09,20,1283
2017-06-09,21,971
2017-06-09,22,793
2017-06-09,23,1062
2017-06-09,24,2294
2017-06-09,25,842
2017-06-09,26,544
2017-06-09,27,1526
2017-06-09,28,1018
2017-06-09,29,1011
2017-06-09,30,674
2017-06-09,31,1263
2017-06-09,32,581
2017-06-09,33,834
2017-06-09,34,2191
2017-06-09,35,591
2017-06-09,36,1063
2017-06-09,37,1609
2017-06-09,38,1470
2017-06-09,39,1380
2017-06-09,40,1344
2017-06-09,41,1078
2017-06-09,42,1188
2017-06-09,43,1358
2017-06-09,44,4612
2017-06-09,45,3951
2017-06-09,46,3226
2017-06-09,47,3786
2017-06-09,48,2578
2017-06-09,49,3235
2017-06-09,50,2405
2017-06-09,51,1739
2017-06-09,52,2034
2017-06-09,53,1070
2017-06-09,54,759
2017-06-10,1,1362
2017-06-10,2,1967
2017-06-10,3,3517
2017-06-10,4,1495
2017-06-10,5,1297
2017-06-10,6,1985
2017-06-10,7,1901
2017-06-10,8,2899
2017-06-10,9,2142
2017-06-10,10,1036
2017-06-10,11,2560
2017-06-10,12,1276
2017-06-10,13,1054
2017-06-10,14,1509
2017-06-10,15,1362
2017-06-10,16,772
2017-06-10,17,1603
2017-06-10,18,1278
2017-06-10,19,1569
2017-06-10,20,1686
2017-06-10,21,1339
2017-06-10,22,813
2017-06-10,23,941
2017-06-10,24,2164
2017-06-10,25,1066
2017-06-10,26,498
2017-06-10,27,1851
2017-06-10,28,1419
2017-06-10,29,1203
2017-06-10,30,727
2017-06-10,31,1440
2017-06-10,32,647
2017-06-10,33,946
2017-06-10,34,2173
2017-06-10,35,709
2017-06-10,36,1080
2017-06-10,37,1591
2017-06-10,38,1972
2017-06-10,39,1797
2017-06-10,40,1424
2017-06-10,41,1258
2017-06-10,42,1436
2017-06-10,43,1460
2017-06-10,44,5252
2017-06-10,45,4481
2017-06-10,46,4457
2017-06-10,47,4469
2017-06-10,48,3523
2017-06-10,49,3455
2017-06-10,50,3364
2017-06-10,51,1871
2017-06-10,52,2466
2017-06-10,53,1247
2017-06-10,54,907
2017-06-11,1,585
2017-06-11,2,2134
2017-06-11,3,3701
2017-06-11,4,1695
2017-06-11,5,1212
2017-06-11,6,2169
2017-06-11,7,1681
2017-06-11,8,2791
2017-06-11,9,2163
2017-06-11,10,919
2017-06-11,11,2480
2017-06-11,12,1230
2017-06-11,13,874
2017-06-11,14,1110
2017-06-11,15,1124
2017-06-11,16,861
2017-06-11,17,1863
2017-06-11,18,1327
2017-06-11,19,1152
2017-06-11,20,2144
2017-06-11,21,1505
2017-06-11,22,805
2017-06-11,23,982
2017-06-11,24,1732
2017-06-11,25,804
2017-06-11,26,603
2017-06-11,27,1965
2017-06-11,28,1788
2017-06-11,29,1512
2017-06-11,30,723
2017-06-11,31,1805
2017-06-11,32,640
2017-06-11,33,986
2017-06-11,34,2012
2017-06-11,35,709
2017-06-11,36,1191
2017-06-11,37,1180
2017-06-11,38,1952
2017-06-11,39,1563
2017-06-11,40,1278
2017-06-11,41,1495
2017-06-11,42,1401
2017-06-11,43,1693
2017-06-11,44,5472
2017-06-11,45,4827
2017-06-11,46,4649
2017-06-11,47,4494
2017-06-11,48,4032
2017-06-11,49,3550
2017-06-11,50,3216
2017-06-11,51,1918
2017-06-11,52,2652
2017-06-11,53,1335
2017-06-11,54,1172
2017-06-12,1,1711
2017-06-12,2,1660
2017-06-12,3,2738
2017-06-12,4,1182
2017-06-12,5,1279
2017-06-12,6,1485
2017-06-12,7,1783
2017-06-12,8,2543
2017-06-12,9,1855
2017-06-12,10,832
2017-06-12,11,2058
2017-06-12,12,1163
2017-06-12,13,856
2017-06-12,14,1344
2017-06-12,15,1365
2017-06-12,16,702
2017-06-12,17,1310
2017-06-12,18,1282
2017-06-12,19,1124
2017-06-12,20,1215
2017-06-12,21,1094
2017-06-12,22,784
2017-06-12,23,941
2017-06-12,24,2020
2017-06-12,25,722
2017-06-12,26,477
2017-06-12,27,1529
2017-06-12,28,1174
2017-06-12,29,1131
2017-06-12,30,708
2017-06-12,31,1292
2017-06-12,32,563
2017-06-12,33,873
2017-06-12,34,1988
2017-06-12,35,682
2017-06-12,36,1018
2017-06-12,37,1450
2017-06-12,38,1211
2017-06-12,39,1296
2017-06-12,40,1462
2017-06-12,41,1035
2017-06-12,42,1107
2017-06-12,43,1369
2017-06-12,44,3755
2017-06-12,45,3372
2017-06-12,46,2867
2017-06-12,47,3356
2017-06-12,48,2393
2017-06-12,49,2754
2017-06-12,50,2172
2017-06-12,51,1494
2017-06-12,52,1781
2017-06-12,53,942
2017-06-12,54,781
2017-06-13,1,1766
2017-06-13,2,1728
2017-06-13,3,2756
2017-06-13,4,1205
2017-06-13,5,1187
2017-06-13,6,1554
2017-06-13,7,1833
2017-06-13,8,2580
2017-06-13,9,1895
2017-06-13,10,901
2017-06-13,11,2142
2017-06-13,12,1142
2017-06-13,13,791
2017-06-13,14,1266
2017-06-13,15,1351
2017-06-13,16,696
2017-06-13,17,1487
2017-06-13,18,1402
2017-06-13,19,1114
2017-06-13,20,1439
2017-06-13,21,972
2017-06-13,22,778
2017-06-13,23,918
2017-06-13,24,1905
2017-06-13,25,636
2017-06-13,26,446
2017-06-13,27,1422
2017-06-13,28,1249
2017-06-13,29,1187
2017-06-13,30,766
2017-06-13,31,1354
2017-06-13,32,578
2017-06-13,33,954
2017-06-13,34,1868
2017-06-13,35,660
2017-06-13,36,1095
2017-06-13,37,1400
2017-06-13,38,1266
2017-06-13,39,1401
2017-06-13,40,1489
2017-06-13,41,1025
2017-06-13,42,999
2017-06-13,43,1328
2017-06-13,44,3789
2017-06-13,45,3280
2017-06-13,46,2816
2017-06-13,47,3109
2017-06-13,48,2245
2017-06-13,49,2609
2017-06-13,50,2483
2017-06-13,51,1428
2017-06-13,52,1685
2017-06-13,53,918
2017-06-13,54,770
2017-06-14,1,1832
2017-06-14,2,1841
2017-06-14,3,3076
2017-06-14,4,1341
2017-06-14,5,1247
2017-06-14,6,1762
2017-06-14,7,1987
2017-06-14,8,2755
2017-06-14,9,1724
2017-06-14,10,781
2017-06-14,11,2115
2017-06-14,12,1167
2017-06-14,13,790
2017-06-14,14,1264
2017-06-14,15,1327
2017-06-14,16,713
2017-06-14,17,1441
2017-06-14,18,1214
2017-06-14,19,1089
2017-06-14,20,1313
2017-06-14,21,887
2017-06-14,22,756
2017-06-14,23,994
2017-06-14,24,2174
2017-06-14,25,747
2017-06-14,26,529
2017-06-14,27,1560
2017-06-14,28,1056
2017-06-14,29,1050
2017-06-14,30,627
2017-06-14,31,1183
2017-06-14,32,525
2017-06-14,33,753
2017-06-14,34,1784
2017-06-14,35,550
2017-06-14,36,1030
2017-06-14,37,1453
2017-06-14,38,1324
2017-06-14,39,1239
2017-06-14,40,1311
2017-06-14,41,1111
2017-06-14,42,1132
2017-06-14,43,1259
2017-06-14,44,4170
2017-06-14,45,3493
2017-06-14,46,2935
2017-06-14,47,3474
2017-06-14,48,2196
2017-06-14,49,3028
2017-06-14,50,2269
2017-06-14,51,1643
2017-06-14,52,1985
2017-06-14,53,1015
2017-06-14,54,731
2017-06-15,1,1776
2017-06-15,2,1648
2017-06-15,3,2829
2017-06-15,4,1305
2017-06-15,5,1123
2017-06-15,6,1534
2017-06-15,7,1828
2017-06-15,8,2616
2017-06-15,9,1872
2017-06-15,10,815
2017-06-15,11,2162
2017-06-15,12,1157
2017-06-15,13,839
2017-06-15,14,1293
2017-06-15,15,1271
2017-06-15,16,675
2017-06-15,17,1325
2017-06-15,18,1322
2017-06-15,19,1016
2017-06-15,20,1448
2017-06-15,21,890
2017-06-15,22,684
2017-06-15,23,953
2017-06-15,24,2197
2017-06-15,25,721
2017-06-15,26,551
2017-06-15,27,1448
2017-06-15,28,1217
2017-06-15,29,1141
2017-06-15,30,746
2017-06-15,31,1356
2017-06-15,32,557
2017-06-15,33,824
2017-06-15,34,1932
2017-06-15,35,629
2017-06-15,36,1085
2017-06-15,37,1381
2017-06-15,38,1349
2017-06-15,39,1290
2017-06-15,40,1295
2017-06-15,41,1025
2017-06-15,42,1040
2017-06-15,43,1272
2017-06-15,44,3922
2017-06-15,45,3358
2017-06-15,46,3057
2017-06-15,47,3382
2017-06-15,48,2448
2017-06-15,49,2866
2017-06-15,50,2295
2017-06-15,51,1509
2017-06-15,52,1875
2017-06-15,53,1010
2017-06-15,54,672
2017-06-16,1,1946
2017-06-16,2,2071
2017-06-16,3,3476
2017-06-16,4,1456
2017-06-16,5,1307
2017-06-16,6,1864
2017-06-16,7,2161
2017-06-16,8,3133
2017-06-16,9,1908
2017-06-16,10,798
2017-06-16,11,2040
2017-06-16,12,1133
2017-06-16,13,770
2017-06-16,14,1246
2017-06-16,15,1352
2017-06-16,16,675
2017-06-16,17,1329
2017-06-16,18,1267
2017-06-16,19,1092
2017-06-16,20,1379
2017-06-16,21,879
2017-06-16,22,751
2017-06-16,23,1053
2017-06-16,24,2488
2017-06-16,25,855
2017-06-16,26,650
2017-06-16,27,1599
2017-06-16,28,1135
2017-06-16,29,1088
2017-06-16,30,752
2017-06-16,31,1335
2017-06-16,32,634
2017-06-16,33,793
2017-06-16,34,2366
2017-06-16,35,601
2017-06-16,36,1060
2017-06-16,37,1676
2017-06-16,38,1566
2017-06-16,39,1354
2017-06-16,40,1309
2017-06-16,41,1266
2017-06-16,42,1299
2017-06-16,43,1324
2017-06-16,44,5033
2017-06-16,45,4374
2017-06-16,46,3455
2017-06-16,47,4195
2017-06-16,48,2803
2017-06-16,49,3766
2017-06-16,50,2721
2017-06-16,51,2036
2017-06-16,52,2274
2017-06-16,53,1205
2017-06-16,54,754
2017-06-17,1,1388
2017-06-17,2,2276
2017-06-17,3,4234
2017-06-17,4,1787
2017-06-17,5,1479
2017-06-17,6,2389
2017-06-17,7,2218
2017-06-17,8,3185
2017-06-17,9,2382
2017-06-17,10,1138
2017-06-17,11,2659
2017-06-17,12,1326
2017-06-17,13,1078
2017-06-17,14,1713
2017-06-17,15,1415
2017-06-17,16,817
2017-06-17,17,1738
2017-06-17,18,1430
2017-06-17,19,1772
2017-06-17,20,1972
2017-06-17,21,1342
2017-06-17,22,916
2017-06-17,23,1178
2017-06-17,24,2561
2017-06-17,25,1039
2017-06-17,26,706
2017-06-17,27,1963
2017-06-17,28,1582
2017-06-17,29,1416
2017-06-17,30,768
2017-06-17,31,1701
2017-06-17,32,718
2017-06-17,33,1108
2017-06-17,34,2804
2017-06-17,35,826
2017-06-17,36,1217
2017-06-17,37,1736
2017-06-17,38,2249
2017-06-17,39,1873
2017-06-17,40,1585
2017-06-17,41,1623
2017-06-17,42,1646
2017-06-17,43,1666
2017-06-17,44,5867
2017-06-17,45,5247
2017-06-17,46,4855
2017-06-17,47,5246
2017-06-17,48,3970
2017-06-17,49,4459
2017-06-17,50,3806
2017-06-17,51,2371
2017-06-17,52,3032
2017-06-17,53,1647
2017-06-17,54,1082
2017-06-18,1,577
2017-06-18,2,2059
2017-06-18,3,3427
2017-06-18,4,1730
2017-06-18,5,1251
2017-06-18,6,2187
2017-06-18,7,1794
2017-06-18,8,2587
2017-06-18,9,2141
2017-06-18,10,914
2017-06-18,11,2671
2017-06-18,12,1372
2017-06-18,13,968
2017-06-18,14,1005
2017-06-18,15,1056
2017-06-18,16,970
2017-06-18,17,1732
2017-06-18,18,1190
2017-06-18,19,1200
2017-06-18,20,1935
2017-06-18,21,1611
2017-06-18,22,823
2017-06-18,23,1093
2017-06-18,24,1743
2017-06-18,25,859
2017-06-18,26,632
2017-06-18,27,1958
2017-06-18,28,1691
2017-06-18,29,1423
2017-06-18,30,729
2017-06-18,31,1744
2017-06-18,32,741
2017-06-18,33,1022
2017-06-18,34,1981
2017-06-18,35,803
2017-06-18,36,1333
2017-06-18,37,1267
2017-06-18,38,2131
2017-06-18,39,1606
2017-06-18,40,1229
2017-06-18,41,1558
2017-06-18,42,1433
2017-06-18,43,1752
2017-06-18,44,4771
2017-06-18,45,4398
2017-06-18,46,4391
2017-06-18,47,4356
2017-06-18,48,3763
2017-06-18,49,3365
2017-06-18,50,3203
2017-06-18,51,1855
2017-06-18,52,2583
2017-06-18,53,1445
2017-06-18,54,1135
2017-06-19,1,1747
2017-06-19,2,1755
2017-06-19,3,2850
2017-06-19,4,1243
2017-06-19,5,1169
2017-06-19,6,1621
2017-06-19,7,1805
2017-06-19,8,2717
2017-06-19,9,1943
2017-06-19,10,880
2017-06-19,11,2206
2017-06-19,12,1268
2017-06-19,13,838
2017-06-19,14,1358
2017-06-19,15,1385
2017-06-19,16,707
2017-06-19,17,1370
2017-06-19,18,1324
2017-06-19,19,1154
2017-06-19,20,1336
2017-06-19,21,988
2017-06-19,22,755
2017-06-19,23,934
2017-06-19,24,2139
2017-06-19,25,659
2017-06-19,26,498
2017-06-19,27,1558
2017-06-19,28,1187
2017-06-19,29,1174
2017-06-19,30,728
2017-06-19,31,1309
2017-06-19,32,550
2017-06-19,33,893
2017-06-19,34,1979
2017-06-19,35,639
2017-06-19,36,1061
2017-06-19,37,1413
2017-06-19,38,1259
2017-06-19,39,1274
2017-06-19,40,1558
2017-06-19,41,1050
2017-06-19,42,1005
2017-06-19,43,1429
2017-06-19,44,3942
2017-06-19,45,3339
2017-06-19,46,3010
2017-06-19,47,3344
2017-06-19,48,2492
2017-06-19,49,2728
2017-06-19,50,2249
2017-06-19,51,1509
2017-06-19,52,1773
2017-06-19,53,998
2017-06-19,54,792
2017-06-20,1,1778
2017-06-20,2,1714
2017-06-20,3,2801
2017-06-20,4,1263
2017-06-20,5,1209
2017-06-20,6,1547
2017-06-20,7,1730
2017-06-20,8,2604
2017-06-20,9,1948
2017-06-20,10,881
2017-06-20,11,2236
2017-06-20,12,1138
2017-06-20,13,871
2017-06-20,14,1288
2017-06-20,15,1564
2017-06-20,16,718
2017-06-20,17,1494
2017-06-20,18,1399
2017-06-20,19,1073
2017-06-20,20,1355
2017-06-20,21,1033
2017-06-20,22,726
2017-06-20,23,938
2017-06-20,24,2213
2017-06-20,25,722
2017-06-20,26,472
2017-06-20,27,1533
2017-06-20,28,1364
2017-06-20,29,1227
2017-06-20,30,840
2017-06-20,31,1481
2017-06-20,32,571
2017-06-20,33,1009
2017-06-20,34,2010
2017-06-20,35,711
2017-06-20,36,1182
2017-06-20,37,1315
2017-06-20,38,1341
2017-06-20,39,1339
2017-06-20,40,1485
2017-06-20,41,1010
2017-06-20,42,997
2017-06-20,43,1388
2017-06-20,44,3807
2017-06-20,45,3456
2017-06-20,46,3080
2017-06-20,47,3448
2017-06-20,48,2275
2017-06-20,49,2732
2017-06-20,50,2169
2017-06-20,51,1503
2017-06-20,52,1769
2017-06-20,53,959
2017-06-20,54,792
2017-06-21,1,1841
2017-06-21,2,1877
2017-06-21,3,3106
2017-06-21,4,1382
2017-06-21,5,1202
2017-06-21,6,1733
2017-06-21,7,1967
2017-06-21,8,2733
2017-06-21,9,1754
2017-06-21,10,781
2017-06-21,11,2077
2017-06-21,12,1263
2017-06-21,13,860
2017-06-21,14,1187
2017-06-21,15,1398
2017-06-21,16,630
2017-06-21,17,1394
2017-06-21,18,1253
2017-06-21,19,1072
2017-06-21,20,1325
2017-06-21,21,948
2017-06-21,22,717
2017-06-21,23,1033
2017-06-21,24,2230
2017-06-21,25,722
2017-06-21,26,573
2017-06-21,27,1563
2017-06-21,28,1083
2017-06-21,29,1090
2017-06-21,30,715
2017-06-21,31,1211
2017-06-21,32,592
2017-06-21,33,821
2017-06-21,34,1843
2017-06-21,35,540
2017-06-21,36,987
2017-06-21,37,1541
2017-06-21,38,1464
2017-06-21,39,1288
2017-06-21,40,1307
2017-06-21,41,1051
2017-06-21,42,1171
2017-06-21,43,1181
2017-06-21,44,4099
2017-06-21,45,3345
2017-06-21,46,3004
2017-06-21,47,3344
2017-06-21,48,2311
2017-06-21,49,2861
2017-06-21,50,2221
2017-06-21,51,1668
2017-06-21,52,1829
2017-06-21,53,1083
2017-06-21,54,658
2017-06-22,1,1739
2017-06-22,2,1683
2017-06-22,3,2695
2017-06-22,4,1155
2017-06-22,5,1111
2017-06-22,6,1609
2017-06-22,7,1821
2017-06-22,8,2467
2017-06-22,9,1811
2017-06-22,10,837
2017-06-22,11,1927
2017-06-22,12,1173
2017-06-22,13,735
2017-06-22,14,1265
2017-06-22,15,1296
2017-06-22,16,656
2017-06-22,17,1347
2017-06-22,18,1245
2017-06-22,19,909
2017-06-22,20,1363
2017-06-22,21,915
2017-06-22,22,724
2017-06-22,23,872
2017-06-22,24,2004
2017-06-22,25,666
2017-06-22,26,475
2017-06-22,27,1371
2017-06-22,28,1161
2017-06-22,29,1019
2017-06-22,30,732
2017-06-22,31,1263
2017-06-22,32,578
2017-06-22,33,803
2017-06-22,34,1832
2017-06-22,35,627
2017-06-22,36,1019
2017-06-22,37,1425
2017-06-22,38,1261
2017-06-22,39,1252
2017-06-22,40,1273
2017-06-22,41,1004
2017-06-22,42,974
2017-06-22,43,1356
2017-06-22,44,3706
2017-06-22,45,3022
2017-06-22,46,2701
2017-06-22,47,3092
2017-06-22,48,2186
2017-06-22,49,2706
2017-06-22,50,2084
2017-06-22,51,1368
2017-06-22,52,1732
2017-06-22,53,929
2017-06-22,54,663
2017-06-23,1,1843
2017-06-23,2,1920
2017-06-23,3,3306
2017-06-23,4,1417
2017-06-23,5,1228
2017-06-23,6,1713
2017-06-23,7,2113
2017-06-23,8,2854
2017-06-23,9,1773
2017-06-23,10,785
2017-06-23,11,2112
2017-06-23,12,1173
2017-06-23,13,765
2017-06-23,14,1184
2017-06-23,15,1177
2017-06-23,16,609
2017-06-23,17,1311
2017-06-23,18,1299
2017-06-23,19,1030
2017-06-23,20,1342
2017-06-23,21,900
2017-06-23,22,713
2017-06-23,23,1046
2017-06-23,24,2284
2017-06-23,25,909
2017-06-23,26,595
2017-06-23,27,1480
2017-06-23,28,1104
2017-06-23,29,985
2017-06-23,30,708
2017-06-23,31,1235
2017-06-23,32,500
2017-06-23,33,830
2017-06-23,34,2119
2017-06-23,35,606
2017-06-23,36,1012
2017-06-23,37,1624
2017-06-23,38,1512
2017-06-23,39,1184
2017-06-23,40,1229
2017-06-23,41,1078
2017-06-23,42,1212
2017-06-23,43,1374
2017-06-23,44,4465
2017-06-23,45,3985
2017-06-23,46,3134
2017-06-23,47,3663
2017-06-23,48,2545
2017-06-23,49,3263
2017-06-23,50,2451
2017-06-23,51,1813
2017-06-23,52,2023
2017-06-23,53,1070
2017-06-23,54,741
2017-06-24,1,1299
2017-06-24,2,2196
2017-06-24,3,3501
2017-06-24,4,1519
2017-06-24,5,1250
2017-06-24,6,2134
2017-06-24,7,1914
2017-06-24,8,2799
2017-06-24,9,2116
2017-06-24,10,1002
2017-06-24,11,2263
2017-06-24,12,1318
2017-06-24,13,1050
2017-06-24,14,1598
2017-06-24,15,1282
2017-06-24,16,694
2017-06-24,17,1655
2017-06-24,18,1318
2017-06-24,19,1554
2017-06-24,20,1764
2017-06-24,21,1268
2017-06-24,22,791
2017-06-24,23,1025
2017-06-24,24,2230
2017-06-24,25,1057
2017-06-24,26,664
2017-06-24,27,1718
2017-06-24,28,1361
2017-06-24,29,1258
2017-06-24,30,738
2017-06-24,31,1376
2017-06-24,32,661
2017-06-24,33,1026
2017-06-24,34,2179
2017-06-24,35,766
2017-06-24,36,1079
2017-06-24,37,1619
2017-06-24,38,1994
2017-06-24,39,1687
2017-06-24,40,1401
2017-06-24,41,1246
2017-06-24,42,1506
2017-06-24,43,1464
2017-06-24,44,5061
2017-06-24,45,4508
2017-06-24,46,4270
2017-06-24,47,4504
2017-06-24,48,3434
2017-06-24,49,3456
2017-06-24,50,3094
2017-06-24,51,1890
2017-06-24,52,2422
2017-06-24,53,1298
2017-06-24,54,780
2017-06-25,1,517
2017-06-25,2,2038
2017-06-25,3,3595
2017-06-25,4,1633
2017-06-25,5,1117
2017-06-25,6,2225
2017-06-25,7,1590
2017-06-25,8,2665
2017-06-25,9,2054
2017-06-25,10,813
2017-06-25,11,2365
2017-06-25,12,1279
2017-06-25,13,808
2017-06-25,14,962
2017-06-25,15,977
2017-06-25,16,719
2017-06-25,17,1695
2017-06-25,18,1285
2017-06-25,19,1050
2017-06-25,20,1993
2017-06-25,21,1416
2017-06-25,22,815
2017-06-25,23,978
2017-06-25,24,1723
2017-06-25,25,858
2017-06-25,26,672
2017-06-25,27,1966
2017-06-25,28,1644
2017-06-25,29,1386
2017-06-25,30,700
2017-06-25,31,1566
2017-06-25,32,599
2017-06-25,33,946
2017-06-25,34,1915
2017-06-25,35,707
2017-06-25,36,1143
2017-06-25,37,1160
2017-06-25,38,1856
2017-06-25,39,1471
2017-06-25,40,1136
2017-06-25,41,1373
2017-06-25,42,1412
2017-06-25,43,1634
2017-06-25,44,4960
2017-06-25,45,4470
2017-06-25,46,4415
2017-06-25,47,4383
2017-06-25,48,3737
2017-06-25,49,3483
2017-06-25,50,2973
2017-06-25,51,1846
2017-06-25,52,2276
2017-06-25,53,1080
2017-06-25,54,1003
2017-06-26,1,1752
2017-06-26,2,1835
2017-06-26,3,2846
2017-06-26,4,1262
2017-06-26,5,1185
2017-06-26,6,1650
2017-06-26,7,1879
2017-06-26,8,2503
2017-06-26,9,1800
2017-06-26,10,741
2017-06-26,11,2065
2017-06-26,12,1163
2017-06-26,13,841
2017-06-26,14,1227
2017-06-26,15,1229
2017-06-26,16,722
2017-06-26,17,1413
2017-06-26,18,1206
2017-06-26,19,1154
2017-06-26,20,1226
2017-06-26,21,990
2017-06-26,22,789
2017-06-26,23,871
2017-06-26,24,2024
2017-06-26,25,688
2017-06-26,26,492
2017-06-26,27,1524
2017-06-26,28,1117
2017-06-26,29,1083
2017-06-26,30,719
2017-06-26,31,1310
2017-06-26,32,541
2017-06-26,33,903
2017-06-26,34,1946
2017-06-26,35,588
2017-06-26,36,1059
2017-06-26,37,1477
2017-06-26,38,1301
2017-06-26,39,1298
2017-06-26,40,1201
2017-06-26,41,1141
2017-06-26,42,1056
2017-06-26,43,1389
2017-06-26,44,3926
2017-06-26,45,3205
2017-06-26,46,2841
2017-06-26,47,3320
2017-06-26,48,2366
2017-06-26,49,2686
2017-06-26,50,2161
2017-06-26,51,1479
2017-06-26,52,2398
2017-06-26,53,1102
2017-06-26,54,753
2017-06-27,1,1764
2017-06-27,2,1627
2017-06-27,3,2792
2017-06-27,4,1225
2017-06-27,5,1126
2017-06-27,6,1592
2017-06-27,7,1740
2017-06-27,8,2540
2017-06-27,9,1730
2017-06-27,10,856
2017-06-27,11,2171
2017-06-27,12,1137
2017-06-27,13,806
2017-06-27,14,1255
2017-06-27,15,1353
2017-06-27,16,667
2017-06-27,17,1433
2017-06-27,18,1367
2017-06-27,19,1046
2017-06-27,20,1242
2017-06-27,21,953
2017-06-27,22,787
2017-06-27,23,916
2017-06-27,24,2007
2017-06-27,25,707
2017-06-27,26,409
2017-06-27,27,1387
2017-06-27,28,1246
2017-06-27,29,1178
2017-06-27,30,817
2017-06-27,31,1315
2017-06-27,32,552
2017-06-27,33,905
2017-06-27,34,1835
2017-06-27,35,630
2017-06-27,36,1129
2017-06-27,37,1389
2017-06-27,38,1219
2017-06-27,39,1350
2017-06-27,40,1423
2017-06-27,41,1029
2017-06-27,42,1017
2017-06-27,43,1384
2017-06-27,44,3828
2017-06-27,45,3115
2017-06-27,46,2583
2017-06-27,47,3063
2017-06-27,48,2198
2017-06-27,49,2532
2017-06-27,50,2176
2017-06-27,51,1404
2017-06-27,52,1649
2017-06-27,53,858
2017-06-27,54,767
2017-06-28,1,1906
2017-06-28,2,1813
2017-06-28,3,2957
2017-06-28,4,1352
2017-06-28,5,1148
2017-06-28,6,1599
2017-06-28,7,1938
2017-06-28,8,2584
2017-06-28,9,1634
2017-06-28,10,691
2017-06-28,11,1935
2017-06-28,12,1110
2017-06-28,13,730
2017-06-28,14,1137
2017-06-28,15,1225
2017-06-28,16,677
2017-06-28,17,1298
2017-06-28,18,1203
2017-06-28,19,1024
2017-06-28,20,1259
2017-06-28,21,873
2017-06-28,22,747
2017-06-28,23,946
2017-06-28,24,2139
2017-06-28,25,791
2017-06-28,26,517
2017-06-28,27,1594
2017-06-28,28,989
2017-06-28,29,1016
2017-06-28,30,688
2017-06-28,31,1195
2017-06-28,32,513
2017-06-28,33,817
2017-06-28,34,1745
2017-06-28,35,546
2017-06-28,36,979
2017-06-28,37,1516
2017-06-28,38,1369
2017-06-28,39,1196
2017-06-28,40,1249
2017-06-28,41,1122
2017-06-28,42,1091
2017-06-28,43,1444
2017-06-28,44,4139
2017-06-28,45,3269
2017-06-28,46,2831
2017-06-28,47,3459
2017-06-28,48,2197
2017-06-28,49,2964
2017-06-28,50,2172
2017-06-28,51,1578
2017-06-28,52,1951
2017-06-28,53,1027
2017-06-28,54,662
2017-06-29,1,1645
2017-06-29,2,1699
2017-06-29,3,2701
2017-06-29,4,1169
2017-06-29,5,1132
2017-06-29,6,1537
2017-06-29,7,1833
2017-06-29,8,2398
2017-06-29,9,1723
2017-06-29,10,692
2017-06-29,11,1900
2017-06-29,12,1196
2017-06-29,13,776
2017-06-29,14,1159
2017-06-29,15,1328
2017-06-29,16,608
2017-06-29,17,1246
2017-06-29,18,1187
2017-06-29,19,1025
2017-06-29,20,1333
2017-06-29,21,862
2017-06-29,22,761
2017-06-29,23,970
2017-06-29,24,2094
2017-06-29,25,693
2017-06-29,26,446
2017-06-29,27,1361
2017-06-29,28,1138
2017-06-29,29,1060
2017-06-29,30,782
2017-06-29,31,1307
2017-06-29,32,579
2017-06-29,33,1093
2017-06-29,34,1832
2017-06-29,35,625
2017-06-29,36,1020
2017-06-29,37,1437
2017-06-29,38,1210
2017-06-29,39,1218
2017-06-29,40,1251
2017-06-29,41,999
2017-06-29,42,1085
2017-06-29,43,1312
2017-06-29,44,3778
2017-06-29,45,3048
2017-06-29,46,2652
2017-06-29,47,3259
2017-06-29,48,2161
2017-06-29,49,2704
2017-06-29,50,2162
2017-06-29,51,1392
2017-06-29,52,1713
2017-06-29,53,914
2017-06-29,54,717
2017-06-30,1,1852
2017-06-30,2,1893
2017-06-30,3,3269
2017-06-30,4,1413
2017-06-30,5,1232
2017-06-30,6,1729
2017-06-30,7,2023
2017-06-30,8,2856
2017-06-30,9,1837
2017-06-30,10,842
2017-06-30,11,2085
2017-06-30,12,1112
2017-06-30,13,815
2017-06-30,14,1144
2017-06-30,15,1264
2017-06-30,16,617
2017-06-30,17,1368
2017-06-30,18,1280
2017-06-30,19,1064
2017-06-30,20,1390
2017-06-30,21,922
2017-06-30,22,852
2017-06-30,23,950
2017-06-30,24,2370
2017-06-30,25,937
2017-06-30,26,601
2017-06-30,27,1541
2017-06-30,28,1146
2017-06-30,29,1005
2017-06-30,30,773
2017-06-30,31,1245
2017-06-30,32,624
2017-06-30,33,793
2017-06-30,34,2307
2017-06-30,35,667
2017-06-30,36,1050
2017-06-30,37,1528
2017-06-30,38,1502
2017-06-30,39,1364
2017-06-30,40,1256
2017-06-30,41,1117
2017-06-30,42,1185
2017-06-30,43,1348
2017-06-30,44,4612
2017-06-30,45,4137
2017-06-30,46,3380
2017-06-30,47,3930
2017-06-30,48,2636
2017-06-30,49,3294
2017-06-30,50,2538
2017-06-30,51,1813
2017-06-30,52,2028
2017-06-30,53,1127
2017-06-30,54,705
2017-07-01,1,1362
2017-07-01,2,2145
2017-07-01,3,3851
2017-07-01,4,1718
2017-07-01,5,1234
2017-07-01,6,2248
2017-07-01,7,1908
2017-07-01,8,3048
2017-07-01,9,2406
2017-07-01,10,1130
2017-07-01,11,2793
2017-07-01,12,1296
2017-07-01,13,1145
2017-07-01,14,1629
2017-07-01,15,1349
2017-07-01,16,744
2017-07-01,17,1731
2017-07-01,18,1352
2017-07-01,19,1616
2017-07-01,20,2009
2017-07-01,21,1235
2017-07-01,22,955
2017-07-01,23,1080
2017-07-01,24,2351
2017-07-01,25,1241
2017-07-01,26,730
2017-07-01,27,1907
2017-07-01,28,1585
2017-07-01,29,1356
2017-07-01,30,740
2017-07-01,31,1726
2017-07-01,32,738
2017-07-01,33,1161
2017-07-01,34,2441
2017-07-01,35,905
2017-07-01,36,1296
2017-07-01,37,1630
2017-07-01,38,2288
2017-07-01,39,1780
2017-07-01,40,1590
2017-07-01,41,1430
2017-07-01,42,1588
2017-07-01,43,1784
2017-07-01,44,5552
2017-07-01,45,4941
2017-07-01,46,4973
2017-07-01,47,4903
2017-07-01,48,4033
2017-07-01,49,3661
2017-07-01,50,3582
2017-07-01,51,1919
2017-07-01,52,2675
2017-07-01,53,1532
2017-07-01,54,971
2017-07-02,1,542
2017-07-02,2,2103
2017-07-02,3,3696
2017-07-02,4,1627
2017-07-02,5,1011
2017-07-02,6,2150
2017-07-02,7,1637
2017-07-02,8,2927
2017-07-02,9,2352
2017-07-02,10,891
2017-07-02,11,2545
2017-07-02,12,1318
2017-07-02,13,936
2017-07-02,14,993
2017-07-02,15,1147
2017-07-02,16,728
2017-07-02,17,1869
2017-07-02,18,1351
2017-07-02,19,1132
2017-07-02,20,2229
2017-07-02,21,1337
2017-07-02,22,857
2017-07-02,23,913
2017-07-02,24,1879
2017-07-02,25,964
2017-07-02,26,693
2017-07-02,27,2018
2017-07-02,28,1784
2017-07-02,29,1626
2017-07-02,30,740
2017-07-02,31,1802
2017-07-02,32,694
2017-07-02,33,1138
2017-07-02,34,2167
2017-07-02,35,826
2017-07-02,36,1340
2017-07-02,37,1214
2017-07-02,38,2124
2017-07-02,39,1666
2017-07-02,40,1370
2017-07-02,41,1603
2017-07-02,42,1513
2017-07-02,43,1840
2017-07-02,44,5664
2017-07-02,45,5007
2017-07-02,46,4940
2017-07-02,47,5021
2017-07-02,48,4364
2017-07-02,49,3710
2017-07-02,50,3394
2017-07-02,51,1983
2017-07-02,52,2597
2017-07-02,53,1414
2017-07-02,54,1006
2017-07-03,1,1890
2017-07-03,2,1956
2017-07-03,3,3192
2017-07-03,4,1297
2017-07-03,5,1049
2017-07-03,6,1801
2017-07-03,7,1883
2017-07-03,8,2871
2017-07-03,9,2224
2017-07-03,10,990
2017-07-03,11,2616
2017-07-03,12,1303
2017-07-03,13,965
2017-07-03,14,1392
2017-07-03,15,1564
2017-07-03,16,677
2017-07-03,17,1526
2017-07-03,18,1327
2017-07-03,19,1272
2017-07-03,20,1567
2017-07-03,21,1203
2017-07-03,22,859
2017-07-03,23,1006
2017-07-03,24,2212
2017-07-03,25,782
2017-07-03,26,608
2017-07-03,27,1571
2017-07-03,28,1259
2017-07-03,29,1251
2017-07-03,30,734
2017-07-03,31,1428
2017-07-03,32,645
2017-07-03,33,972
2017-07-03,34,2103
2017-07-03,35,681
2017-07-03,36,1090
2017-07-03,37,1508
2017-07-03,38,1493
2017-07-03,39,1367
2017-07-03,40,1549
2017-07-03,41,1177
2017-07-03,42,1065
2017-07-03,43,1585
2017-07-03,44,4275
2017-07-03,45,3891
2017-07-03,46,3451
2017-07-03,47,3791
2017-07-03,48,2863
2017-07-03,49,3180
2017-07-03,50,2547
2017-07-03,51,1655
2017-07-03,52,2057
2017-07-03,53,1022
2017-07-03,54,734
2017-07-04,1,1803
2017-07-04,2,1841
2017-07-04,3,2971
2017-07-04,4,1378
2017-07-04,5,1321
2017-07-04,6,1749
2017-07-04,7,1846
2017-07-04,8,2707
2017-07-04,9,2202
2017-07-04,10,942
2017-07-04,11,2773
2017-07-04,12,1217
2017-07-04,13,859
2017-07-04,14,1351
2017-07-04,15,1550
2017-07-04,16,715
2017-07-04,17,1551
2017-07-04,18,1444
2017-07-04,19,1247
2017-07-04,20,1585
2017-07-04,21,1054
2017-07-04,22,864
2017-07-04,23,1019
2017-07-04,24,2148
2017-07-04,25,700
2017-07-04,26,524
2017-07-04,27,1443
2017-07-04,28,1430
2017-07-04,29,1316
2017-07-04,30,837
2017-07-04,31,1477
2017-07-04,32,582
2017-07-04,33,1031
2017-07-04,34,2027
2017-07-04,35,650
2017-07-04,36,1180
2017-07-04,37,1471
2017-07-04,38,1406
2017-07-04,39,1480
2017-07-04,40,1558
2017-07-04,41,1109
2017-07-04,42,1127
2017-07-04,43,1543
2017-07-04,44,3962
2017-07-04,45,3742
2017-07-04,46,3230
2017-07-04,47,3707
2017-07-04,48,2647
2017-07-04,49,2956
2017-07-04,50,2585
2017-07-04,51,1542
2017-07-04,52,1868
2017-07-04,53,975
2017-07-04,54,867
2017-07-05,1,1913
2017-07-05,2,1906
2017-07-05,3,3285
2017-07-05,4,1440
2017-07-05,5,1397
2017-07-05,6,1626
2017-07-05,7,1829
2017-07-05,8,2896
2017-07-05,9,1972
2017-07-05,10,907
2017-07-05,11,2499
2017-07-05,12,1273
2017-07-05,13,845
2017-07-05,14,1360
2017-07-05,15,1320
2017-07-05,16,704
2017-07-05,17,1396
2017-07-05,18,1291
2017-07-05,19,1073
2017-07-05,20,1512
2017-07-05,21,1015
2017-07-05,22,785
2017-07-05,23,1053
2017-07-05,24,2279
2017-07-05,25,820
2017-07-05,26,543
2017-07-05,27,1622
2017-07-05,28,1102
2017-07-05,29,1081
2017-07-05,30,704
2017-07-05,31,1340
2017-07-05,32,573
2017-07-05,33,848
2017-07-05,34,1839
2017-07-05,35,580
2017-07-05,36,1063
2017-07-05,37,1603
2017-07-05,38,1503
2017-07-05,39,1308
2017-07-05,40,1357
2017-07-05,41,1200
2017-07-05,42,1186
2017-07-05,43,1406
2017-07-05,44,4419
2017-07-05,45,3636
2017-07-05,46,3470
2017-07-05,47,4028
2017-07-05,48,2854
2017-07-05,49,3133
2017-07-05,50,2580
2017-07-05,51,1739
2017-07-05,52,2129
2017-07-05,53,1077
2017-07-05,54,766
2017-07-06,1,1698
2017-07-06,2,1792
2017-07-06,3,2897
2017-07-06,4,1327
2017-07-06,5,1278
2017-07-06,6,1620
2017-07-06,7,1880
2017-07-06,8,2671
2017-07-06,9,1945
2017-07-06,10,850
2017-07-06,11,2457
2017-07-06,12,1198
2017-07-06,13,853
2017-07-06,14,1294
2017-07-06,15,1425
2017-07-06,16,695
2017-07-06,17,1382
2017-07-06,18,1278
2017-07-06,19,1005
2017-07-06,20,1444
2017-07-06,21,948
2017-07-06,22,769
2017-07-06,23,973
2017-07-06,24,2075
2017-07-06,25,724
2017-07-06,26,435
2017-07-06,27,1454
2017-07-06,28,1171
2017-07-06,29,1034
2017-07-06,30,716
2017-07-06,31,1308
2017-07-06,32,671
2017-07-06,33,832
2017-07-06,34,1900
2017-07-06,35,715
2017-07-06,36,1076
2017-07-06,37,1473
2017-07-06,38,1349
2017-07-06,39,1402
2017-07-06,40,1278
2017-07-06,41,1048
2017-07-06,42,1088
2017-07-06,43,1324
2017-07-06,44,3795
2017-07-06,45,3336
2017-07-06,46,3013
2017-07-06,47,3433
2017-07-06,48,2511
2017-07-06,49,2715
2017-07-06,50,2439
2017-07-06,51,1458
2017-07-06,52,1839
2017-07-06,53,942
2017-07-06,54,694
2017-07-07,1,1843
2017-07-07,2,1878
2017-07-07,3,3255
2017-07-07,4,1397
2017-07-07,5,1242
2017-07-07,6,1806
2017-07-07,7,2101
2017-07-07,8,2904
2017-07-07,9,1875
2017-07-07,10,819
2017-07-07,11,2470
2017-07-07,12,1098
2017-07-07,13,862
2017-07-07,14,1194
2017-07-07,15,1372
2017-07-07,16,715
2017-07-07,17,1308
2017-07-07,18,1202
2017-07-07,19,1097
2017-07-07,20,1416
2017-07-07,21,931
2017-07-07,22,800
2017-07-07,23,1022
2017-07-07,24,2379
2017-07-07,25,894
2017-07-07,26,567
2017-07-07,27,1504
2017-07-07,28,1031
2017-07-07,29,973
2017-07-07,30,671
2017-07-07,31,1250
2017-07-07,32,560
2017-07-07,33,850
2017-07-07,34,2234
2017-07-07,35,576
2017-07-07,36,965
2017-07-07,37,1668
2017-07-07,38,1544
2017-07-07,39,1419
2017-07-07,40,1372
2017-07-07,41,1092
2017-07-07,42,1207
2017-07-07,43,1452
2017-07-07,44,4638
2017-07-07,45,4085
2017-07-07,46,3384
2017-07-07,47,3885
2017-07-07,48,2795
2017-07-07,49,3332
2017-07-07,50,2653
2017-07-07,51,1830
2017-07-07,52,2122
2017-07-07,53,1146
2017-07-07,54,782
2017-07-08,1,1366
2017-07-08,2,2027
2017-07-08,3,3436
2017-07-08,4,1576
2017-07-08,5,1278
2017-07-08,6,2037
2017-07-08,7,1891
2017-07-08,8,3132
2017-07-08,9,2202
2017-07-08,10,1041
2017-07-08,11,2518
2017-07-08,12,1281
2017-07-08,13,1101
2017-07-08,14,1521
2017-07-08,15,1358
2017-07-08,16,725
2017-07-08,17,1648
2017-07-08,18,1307
2017-07-08,19,1660
2017-07-08,20,1767
2017-07-08,21,1331
2017-07-08,22,820
2017-07-08,23,987
2017-07-08,24,2217
2017-07-08,25,1044
2017-07-08,26,556
2017-07-08,27,1780
2017-07-08,28,1425
2017-07-08,29,1265
2017-07-08,30,751
2017-07-08,31,1393
2017-07-08,32,698
2017-07-08,33,997
2017-07-08,34,2281
2017-07-08,35,701
2017-07-08,36,1176
2017-07-08,37,1633
2017-07-08,38,2019
2017-07-08,39,1688
2017-07-08,40,1454
2017-07-08,41,1335
2017-07-08,42,1496
2017-07-08,43,1532
2017-07-08,44,5098
2017-07-08,45,4594
2017-07-08,46,4328
2017-07-08,47,4447
2017-07-08,48,3620
2017-07-08,49,3568
2017-07-08,50,3541
2017-07-08,51,1845
2017-07-08,52,2652
2017-07-08,53,1288
2017-07-08,54,917
2017-07-09,1,579
2017-07-09,2,1910
2017-07-09,3,3472
2017-07-09,4,1551
2017-07-09,5,1195
2017-07-09,6,1985
2017-07-09,7,1593
2017-07-09,8,2825
2017-07-09,9,2062
2017-07-09,10,830
2017-07-09,11,2449
2017-07-09,12,1241
2017-07-09,13,822
2017-07-09,14,941
2017-07-09,15,1046
2017-07-09,16,852
2017-07-09,17,1671
2017-07-09,18,1239
2017-07-09,19,1033
2017-07-09,20,2094
2017-07-09,21,1509
2017-07-09,22,806
2017-07-09,23,889
2017-07-09,24,1761
2017-07-09,25,876
2017-07-09,26,559
2017-07-09,27,1971
2017-07-09,28,1609
2017-07-09,29,1438
2017-07-09,30,648
2017-07-09,31,1629
2017-07-09,32,688
2017-07-09,33,1010
2017-07-09,34,1950
2017-07-09,35,742
2017-07-09,36,1227
2017-07-09,37,1293
2017-07-09,38,1938
2017-07-09,39,1528
2017-07-09,40,1241
2017-07-09,41,1523
2017-07-09,42,1312
2017-07-09,43,1713
2017-07-09,44,5321
2017-07-09,45,4624
2017-07-09,46,4540
2017-07-09,47,4451
2017-07-09,48,3907
2017-07-09,49,3413
2017-07-09,50,3268
2017-07-09,51,1969
2017-07-09,52,2643
2017-07-09,53,1344
2017-07-09,54,1027
2017-07-10,1,1814
2017-07-10,2,1821
2017-07-10,3,2951
2017-07-10,4,1300
2017-07-10,5,1252
2017-07-10,6,1665
2017-07-10,7,1815
2017-07-10,8,2608
2017-07-10,9,1938
2017-07-10,10,874
2017-07-10,11,2339
2017-07-10,12,1217
2017-07-10,13,936
2017-07-10,14,1293
2017-07-10,15,1505
2017-07-10,16,703
2017-07-10,17,1394
2017-07-10,18,1241
2017-07-10,19,1230
2017-07-10,20,1474
2017-07-10,21,967
2017-07-10,22,783
2017-07-10,23,923
2017-07-10,24,2163
2017-07-10,25,660
2017-07-10,26,501
2017-07-10,27,1548
2017-07-10,28,1215
2017-07-10,29,1133
2017-07-10,30,796
2017-07-10,31,1338
2017-07-10,32,547
2017-07-10,33,936
2017-07-10,34,2010
2017-07-10,35,634
2017-07-10,36,978
2017-07-10,37,1520
2017-07-10,38,1432
2017-07-10,39,1427
2017-07-10,40,1410
2017-07-10,41,1114
2017-07-10,42,1077
2017-07-10,43,1525
2017-07-10,44,4000
2017-07-10,45,3583
2017-07-10,46,3065
2017-07-10,47,3639
2017-07-10,48,2541
2017-07-10,49,2929
2017-07-10,50,2484
2017-07-10,51,1569
2017-07-10,52,1897
2017-07-10,53,993
2017-07-10,54,840
2017-07-11,1,1760
2017-07-11,2,1782
2017-07-11,3,2845
2017-07-11,4,1213
2017-07-11,5,1219
2017-07-11,6,1594
2017-07-11,7,1752
2017-07-11,8,2622
2017-07-11,9,1896
2017-07-11,10,900
2017-07-11,11,2285
2017-07-11,12,1149
2017-07-11,13,825
2017-07-11,14,1257
2017-07-11,15,1403
2017-07-11,16,721
2017-07-11,17,1419
2017-07-11,18,1406
2017-07-11,19,1083
2017-07-11,20,1501
2017-07-11,21,1096
2017-07-11,22,818
2017-07-11,23,969
2017-07-11,24,2056
2017-07-11,25,685
2017-07-11,26,468
2017-07-11,27,1417
2017-07-11,28,1260
2017-07-11,29,1232
2017-07-11,30,770
2017-07-11,31,1358
2017-07-11,32,650
2017-07-11,33,1007
2017-07-11,34,1974
2017-07-11,35,629
2017-07-11,36,1165
2017-07-11,37,1550
2017-07-11,38,1306
2017-07-11,39,1452
2017-07-11,40,1479
2017-07-11,41,1020
2017-07-11,42,1069
2017-07-11,43,1338
2017-07-11,44,3778
2017-07-11,45,3254
2017-07-11,46,2888
2017-07-11,47,3365
2017-07-11,48,2374
2017-07-11,49,2651
2017-07-11,50,2467
2017-07-11,51,1425
2017-07-11,52,1808
2017-07-11,53,894
2017-07-11,54,767
2017-07-12,1,1970
2017-07-12,2,1831
2017-07-12,3,3122
2017-07-12,4,1392
2017-07-12,5,1253
2017-07-12,6,1663
2017-07-12,7,1942
2017-07-12,8,2745
2017-07-12,9,1735
2017-07-12,10,820
2017-07-12,11,2188
2017-07-12,12,1197
2017-07-12,13,806
2017-07-12,14,1233
2017-07-12,15,1379
2017-07-12,16,662
2017-07-12,17,1305
2017-07-12,18,1159
2017-07-12,19,1063
2017-07-12,20,1330
2017-07-12,21,934
2017-07-12,22,734
2017-07-12,23,966
2017-07-12,24,2209
2017-07-12,25,817
2017-07-12,26,493
2017-07-12,27,1546
2017-07-12,28,1038
2017-07-12,29,1051
2017-07-12,30,682
2017-07-12,31,1170
2017-07-12,32,542
2017-07-12,33,821
2017-07-12,34,1894
2017-07-12,35,604
2017-07-12,36,1018
2017-07-12,37,1615
2017-07-12,38,1455
2017-07-12,39,1365
2017-07-12,40,1268
2017-07-12,41,1076
2017-07-12,42,1109
2017-07-12,43,1352
2017-07-12,44,4257
2017-07-12,45,3300
2017-07-12,46,3122
2017-07-12,47,3586
2017-07-12,48,2498
2017-07-12,49,2917
2017-07-12,50,2405
2017-07-12,51,1742
2017-07-12,52,1987
2017-07-12,53,1095
2017-07-12,54,692
2017-07-13,1,1679
2017-07-13,2,1622
2017-07-13,3,2688
2017-07-13,4,1186
2017-07-13,5,1170
2017-07-13,6,1514
2017-07-13,7,1771
2017-07-13,8,2527
2017-07-13,9,1842
2017-07-13,10,798
2017-07-13,11,2113
2017-07-13,12,1110
2017-07-13,13,817
2017-07-13,14,1241
2017-07-13,15,1270
2017-07-13,16,667
2017-07-13,17,1239
2017-07-13,18,1198
2017-07-13,19,1001
2017-07-13,20,1513
2017-07-13,21,939
2017-07-13,22,755
2017-07-13,23,919
2017-07-13,24,1911
2017-07-13,25,699
2017-07-13,26,427
2017-07-13,27,1362
2017-07-13,28,1065
2017-07-13,29,1015
2017-07-13,30,753
2017-07-13,31,1264
2017-07-13,32,542
2017-07-13,33,843
2017-07-13,34,1867
2017-07-13,35,624
2017-07-13,36,994
2017-07-13,37,1472
2017-07-13,38,1309
2017-07-13,39,1311
2017-07-13,40,1255
2017-07-13,41,966
2017-07-13,42,1023
2017-07-13,43,1339
2017-07-13,44,3812
2017-07-13,45,3138
2017-07-13,46,2789
2017-07-13,47,3186
2017-07-13,48,2358
2017-07-13,49,2665
2017-07-13,50,2246
2017-07-13,51,1397
2017-07-13,52,1907
2017-07-13,53,919
2017-07-13,54,683
2017-07-14,1,1867
2017-07-14,2,1857
2017-07-14,3,3257
2017-07-14,4,1481
2017-07-14,5,1301
2017-07-14,6,1787
2017-07-14,7,2014
2017-07-14,8,2889
2017-07-14,9,1850
2017-07-14,10,696
2017-07-14,11,2230
2017-07-14,12,1172
2017-07-14,13,852
2017-07-14,14,1178
2017-07-14,15,1361
2017-07-14,16,590
2017-07-14,17,1283
2017-07-14,18,1175
2017-07-14,19,1082
2017-07-14,20,1373
2017-07-14,21,1004
2017-07-14,22,796
2017-07-14,23,1028
2017-07-14,24,2376
2017-07-14,25,953
2017-07-14,26,596
2017-07-14,27,1489
2017-07-14,28,1111
2017-07-14,29,1052
2017-07-14,30,678
2017-07-14,31,1304
2017-07-14,32,552
2017-07-14,33,770
2017-07-14,34,2177
2017-07-14,35,573
2017-07-14,36,976
2017-07-14,37,1657
2017-07-14,38,1544
2017-07-14,39,1390
2017-07-14,40,1262
2017-07-14,41,1165
2017-07-14,42,1125
2017-07-14,43,1407
2017-07-14,44,4446
2017-07-14,45,3876
2017-07-14,46,3098
2017-07-14,47,3756
2017-07-14,48,2620
2017-07-14,49,3192
2017-07-14,50,2559
2017-07-14,51,1801
2017-07-14,52,2278
2017-07-14,53,1089
2017-07-14,54,676
2017-07-15,1,1338
2017-07-15,2,2002
2017-07-15,3,3579
2017-07-15,4,1534
2017-07-15,5,1265
2017-07-15,6,2038
2017-07-15,7,1801
2017-07-15,8,2869
2017-07-15,9,2067
2017-07-15,10,932
2017-07-15,11,2418
2017-07-15,12,1304
2017-07-15,13,1064
2017-07-15,14,1450
2017-07-15,15,1236
2017-07-15,16,727
2017-07-15,17,1610
2017-07-15,18,1211
2017-07-15,19,1491
2017-07-15,20,1915
2017-07-15,21,1237
2017-07-15,22,801
2017-07-15,23,1017
2017-07-15,24,2266
2017-07-15,25,1057
2017-07-15,26,607
2017-07-15,27,1860
2017-07-15,28,1527
2017-07-15,29,1229
2017-07-15,30,670
2017-07-15,31,1507
2017-07-15,32,712
2017-07-15,33,1041
2017-07-15,34,2386
2017-07-15,35,769
2017-07-15,36,1169
2017-07-15,37,1633
2017-07-15,38,1957
2017-07-15,39,1689
2017-07-15,40,1420
2017-07-15,41,1391
2017-07-15,42,1424
2017-07-15,43,1606
2017-07-15,44,5051
2017-07-15,45,4419
2017-07-15,46,4277
2017-07-15,47,4545
2017-07-15,48,3538
2017-07-15,49,3454
2017-07-15,50,3340
2017-07-15,51,1864
2017-07-15,52,2720
2017-07-15,53,1404
2017-07-15,54,855
2017-07-16,1,518
2017-07-16,2,1794
2017-07-16,3,3427
2017-07-16,4,1472
2017-07-16,5,1153
2017-07-16,6,1960
2017-07-16,7,1565
2017-07-16,8,2687
2017-07-16,9,1944
2017-07-16,10,872
2017-07-16,11,2272
2017-07-16,12,1152
2017-07-16,13,786
2017-07-16,14,946
2017-07-16,15,943
2017-07-16,16,798
2017-07-16,17,1710
2017-07-16,18,1243
2017-07-16,19,1008
2017-07-16,20,2100
2017-07-16,21,1504
2017-07-16,22,800
2017-07-16,23,851
2017-07-16,24,1739
2017-07-16,25,866
2017-07-16,26,645
2017-07-16,27,1937
2017-07-16,28,1721
2017-07-16,29,1520
2017-07-16,30,672
2017-07-16,31,1689
2017-07-16,32,642
2017-07-16,33,945
2017-07-16,34,2120
2017-07-16,35,802
2017-07-16,36,1198
2017-07-16,37,1161
2017-07-16,38,1745
2017-07-16,39,1582
2017-07-16,40,1249
2017-07-16,41,1523
2017-07-16,42,1350
2017-07-16,43,1727
2017-07-16,44,5063
2017-07-16,45,4657
2017-07-16,46,4343
2017-07-16,47,4462
2017-07-16,48,3966
2017-07-16,49,3325
2017-07-16,50,2985
2017-07-16,51,1903
2017-07-16,52,2804
2017-07-16,53,1353
2017-07-16,54,920
2017-07-17,1,1739
2017-07-17,2,1729
2017-07-17,3,2951
2017-07-17,4,1207
2017-07-17,5,1311
2017-07-17,6,1626
2017-07-17,7,1810
2017-07-17,8,2577
2017-07-17,9,1954
2017-07-17,10,914
2017-07-17,11,2252
2017-07-17,12,1163
2017-07-17,13,855
2017-07-17,14,1315
2017-07-17,15,1428
2017-07-17,16,720
2017-07-17,17,1492
2017-07-17,18,1197
2017-07-17,19,1193
2017-07-17,20,1436
2017-07-17,21,1078
2017-07-17,22,711
2017-07-17,23,917
2017-07-17,24,1992
2017-07-17,25,710
2017-07-17,26,560
2017-07-17,27,1564
2017-07-17,28,1248
2017-07-17,29,1135
2017-07-17,30,740
2017-07-17,31,1407
2017-07-17,32,595
2017-07-17,33,898
2017-07-17,34,2083
2017-07-17,35,649
2017-07-17,36,1016
2017-07-17,37,1514
2017-07-17,38,1240
2017-07-17,39,1428
2017-07-17,40,1500
2017-07-17,41,1085
2017-07-17,42,1055
2017-07-17,43,1470
2017-07-17,44,4116
2017-07-17,45,3598
2017-07-17,46,3105
2017-07-17,47,3720
2017-07-17,48,2576
2017-07-17,49,2961
2017-07-17,50,2507
2017-07-17,51,1560
2017-07-17,52,2006
2017-07-17,53,1000
2017-07-17,54,864
2017-07-18,1,1733
2017-07-18,2,1694
2017-07-18,3,2910
2017-07-18,4,1216
2017-07-18,5,1178
2017-07-18,6,1532
2017-07-18,7,1666
2017-07-18,8,2425
2017-07-18,9,1977
2017-07-18,10,904
2017-07-18,11,2299
2017-07-18,12,1064
2017-07-18,13,845
2017-07-18,14,1275
2017-07-18,15,1405
2017-07-18,16,690
2017-07-18,17,1408
2017-07-18,18,1307
2017-07-18,19,1096
2017-07-18,20,1440
2017-07-18,21,984
2017-07-18,22,693
2017-07-18,23,971
2017-07-18,24,2018
2017-07-18,25,737
2017-07-18,26,521
2017-07-18,27,1438
2017-07-18,28,1293
2017-07-18,29,1194
2017-07-18,30,789
2017-07-18,31,1406
2017-07-18,32,581
2017-07-18,33,920
2017-07-18,34,1887
2017-07-18,35,660
2017-07-18,36,1144
2017-07-18,37,1478
2017-07-18,38,1319
2017-07-18,39,1352
2017-07-18,40,1354
2017-07-18,41,1029
2017-07-18,42,984
2017-07-18,43,1431
2017-07-18,44,3803
2017-07-18,45,3336
2017-07-18,46,2902
2017-07-18,47,3344
2017-07-18,48,2453
2017-07-18,49,2627
2017-07-18,50,2607
2017-07-18,51,1467
2017-07-18,52,1777
2017-07-18,53,962
2017-07-18,54,742
2017-07-19,1,1797
2017-07-19,2,1811
2017-07-19,3,2944
2017-07-19,4,1348
2017-07-19,5,1333
2017-07-19,6,1684
2017-07-19,7,1802
2017-07-19,8,2645
2017-07-19,9,1772
2017-07-19,10,799
2017-07-19,11,2134
2017-07-19,12,1169
2017-07-19,13,795
2017-07-19,14,1130
2017-07-19,15,1326
2017-07-19,16,676
2017-07-19,17,1280
2017-07-19,18,1126
2017-07-19,19,1017
2017-07-19,20,1418
2017-07-19,21,904
2017-07-19,22,746
2017-07-19,23,977
2017-07-19,24,2117
2017-07-19,25,861
2017-07-19,26,573
2017-07-19,27,1579
2017-07-19,28,1112
2017-07-19,29,1051
2017-07-19,30,662
2017-07-19,31,1214
2017-07-19,32,477
2017-07-19,33,790
2017-07-19,34,1718
2017-07-19,35,564
2017-07-19,36,915
2017-07-19,37,1643
2017-07-19,38,1460
2017-07-19,39,1239
2017-07-19,40,1288
2017-07-19,41,1150
2017-07-19,42,1142
2017-07-19,43,1328
2017-07-19,44,4389
2017-07-19,45,3598
2017-07-19,46,2993
2017-07-19,47,3492
2017-07-19,48,2496
2017-07-19,49,2838
2017-07-19,50,2394
2017-07-19,51,1757
2017-07-19,52,2064
2017-07-19,53,1064
2017-07-19,54,664
2017-07-20,1,1774
2017-07-20,2,1675
2017-07-20,3,3046
2017-07-20,4,1252
2017-07-20,5,1262
2017-07-20,6,1670
2017-07-20,7,1716
2017-07-20,8,2551
2017-07-20,9,1876
2017-07-20,10,780
2017-07-20,11,2121
2017-07-20,12,1135
2017-07-20,13,834
2017-07-20,14,1247
2017-07-20,15,1375
2017-07-20,16,644
2017-07-20,17,1352
2017-07-20,18,1177
2017-07-20,19,1012
2017-07-20,20,1476
2017-07-20,21,960
2017-07-20,22,740
2017-07-20,23,937
2017-07-20,24,2199
2017-07-20,25,749
2017-07-20,26,474
2017-07-20,27,1382
2017-07-20,28,1068
2017-07-20,29,1061
2017-07-20,30,693
2017-07-20,31,1337
2017-07-20,32,627
2017-07-20,33,838
2017-07-20,34,1895
2017-07-20,35,661
2017-07-20,36,1042
2017-07-20,37,1518
2017-07-20,38,1395
2017-07-20,39,1317
2017-07-20,40,1313
2017-07-20,41,1128
2017-07-20,42,1055
2017-07-20,43,1309
2017-07-20,44,3800
2017-07-20,45,3490
2017-07-20,46,3018
2017-07-20,47,3663
2017-07-20,48,2615
2017-07-20,49,2714
2017-07-20,50,2379
2017-07-20,51,1515
2017-07-20,52,2000
2017-07-20,53,909
2017-07-20,54,647
2017-07-21,1,1878
2017-07-21,2,1892
2017-07-21,3,3413
2017-07-21,4,1461
2017-07-21,5,1285
2017-07-21,6,1799
2017-07-21,7,2034
2017-07-21,8,2837
2017-07-21,9,1846
2017-07-21,10,781
2017-07-21,11,2193
2017-07-21,12,1104
2017-07-21,13,828
2017-07-21,14,1132
2017-07-21,15,1397
2017-07-21,16,668
2017-07-21,17,1347
2017-07-21,18,1145
2017-07-21,19,1056
2017-07-21,20,1515
2017-07-21,21,1012
2017-07-21,22,719
2017-07-21,23,1109
2017-07-21,24,2334
2017-07-21,25,1011
2017-07-21,26,579
2017-07-21,27,1488
2017-07-21,28,1010
2017-07-21,29,946
2017-07-21,30,697
2017-07-21,31,1298
2017-07-21,32,531
2017-07-21,33,760
2017-07-21,34,2165
2017-07-21,35,601
2017-07-21,36,1028
2017-07-21,37,1684
2017-07-21,38,1517
2017-07-21,39,1389
2017-07-21,40,1315
2017-07-21,41,1168
2017-07-21,42,1193
2017-07-21,43,1446
2017-07-21,44,4538
2017-07-21,45,3954
2017-07-21,46,3196
2017-07-21,47,3924
2017-07-21,48,2788
2017-07-21,49,3155
2017-07-21,50,2643
2017-07-21,51,1765
2017-07-21,52,2255
2017-07-21,53,1108
2017-07-21,54,676
2017-07-22,1,1333
2017-07-22,2,1968
2017-07-22,3,3457
2017-07-22,4,1553
2017-07-22,5,1224
2017-07-22,6,2008
2017-07-22,7,1828
2017-07-22,8,2834
2017-07-22,9,2019
2017-07-22,10,999
2017-07-22,11,2182
2017-07-22,12,1239
2017-07-22,13,1058
2017-07-22,14,1449
2017-07-22,15,1255
2017-07-22,16,788
2017-07-22,17,1568
2017-07-22,18,1212
2017-07-22,19,1492
2017-07-22,20,1797
2017-07-22,21,1235
2017-07-22,22,768
2017-07-22,23,1016
2017-07-22,24,2006
2017-07-22,25,1438
2017-07-22,26,534
2017-07-22,27,1707
2017-07-22,28,1308
2017-07-22,29,1132
2017-07-22,30,758
2017-07-22,31,1378
2017-07-22,32,687
2017-07-22,33,954
2017-07-22,34,2239
2017-07-22,35,728
2017-07-22,36,1152
2017-07-22,37,1572
2017-07-22,38,1904
2017-07-22,39,1559
2017-07-22,40,1387
2017-07-22,41,1379
2017-07-22,42,1410
2017-07-22,43,1553
2017-07-22,44,5233
2017-07-22,45,4406
2017-07-22,46,4187
2017-07-22,47,4218
2017-07-22,48,3417
2017-07-22,49,3151
2017-07-22,50,3161
2017-07-22,51,1705
2017-07-22,52,2629
2017-07-22,53,1308
2017-07-22,54,876
2017-07-23,1,547
2017-07-23,2,1785
2017-07-23,3,3453
2017-07-23,4,1464
2017-07-23,5,1216
2017-07-23,6,1976
2017-07-23,7,1548
2017-07-23,8,2753
2017-07-23,9,1937
2017-07-23,10,836
2017-07-23,11,2213
2017-07-23,12,1152
2017-07-23,13,837
2017-07-23,14,928
2017-07-23,15,953
2017-07-23,16,782
2017-07-23,17,1623
2017-07-23,18,1196
2017-07-23,19,1076
2017-07-23,20,2150
2017-07-23,21,1472
2017-07-23,22,728
2017-07-23,23,919
2017-07-23,24,1516
2017-07-23,25,1523
2017-07-23,26,496
2017-07-23,27,1876
2017-07-23,28,1265
2017-07-23,29,1093
2017-07-23,30,616
2017-07-23,31,1533
2017-07-23,32,543
2017-07-23,33,912
2017-07-23,34,1969
2017-07-23,35,846
2017-07-23,36,1200
2017-07-23,37,1126
2017-07-23,38,1787
2017-07-23,39,1519
2017-07-23,40,1214
2017-07-23,41,1460
2017-07-23,42,1291
2017-07-23,43,1480
2017-07-23,44,5294
2017-07-23,45,4557
2017-07-23,46,4344
2017-07-23,47,4368
2017-07-23,48,3885
2017-07-23,49,3262
2017-07-23,50,3111
2017-07-23,51,1576
2017-07-23,52,2722
2017-07-23,53,1316
2017-07-23,54,926
2017-07-24,1,1807
2017-07-24,2,1840
2017-07-24,3,2989
2017-07-24,4,1282
2017-07-24,5,1265
2017-07-24,6,1662
2017-07-24,7,1753
2017-07-24,8,2606
2017-07-24,9,1876
2017-07-24,10,868
2017-07-24,11,2184
2017-07-24,12,1215
2017-07-24,13,896
2017-07-24,14,1295
2017-07-24,15,1349
2017-07-24,16,690
2017-07-24,17,1475
2017-07-24,18,1277
2017-07-24,19,1234
2017-07-24,20,1418
2017-07-24,21,984
2017-07-24,22,766
2017-07-24,23,951
2017-07-24,24,1640
2017-07-24,25,896
2017-07-24,26,577
2017-07-24,27,1934
2017-07-24,28,1426
2017-07-24,29,1270
2017-07-24,30,621
2017-07-24,31,1348
2017-07-24,32,617
2017-07-24,33,850
2017-07-24,34,1711
2017-07-24,35,658
2017-07-24,36,1073
2017-07-24,37,1426
2017-07-24,38,1494
2017-07-24,39,1356
2017-07-24,40,1399
2017-07-24,41,1142
2017-07-24,42,1110
2017-07-24,43,1528
2017-07-24,44,3898
2017-07-24,45,3560
2017-07-24,46,3160
2017-07-24,47,3550
2017-07-24,48,2679
2017-07-24,49,2752
2017-07-24,50,2396
2017-07-24,51,1617
2017-07-24,52,1949
2017-07-24,53,1009
2017-07-24,54,792
2017-07-25,1,1785
2017-07-25,2,1703
2017-07-25,3,2823
2017-07-25,4,1268
2017-07-25,5,1179
2017-07-25,6,1589
2017-07-25,7,1759
2017-07-25,8,2488
2017-07-25,9,1812
2017-07-25,10,868
2017-07-25,11,2303
2017-07-25,12,1108
2017-07-25,13,871
2017-07-25,14,1247
2017-07-25,15,1361
2017-07-25,16,658
2017-07-25,17,1430
2017-07-25,18,1347
2017-07-25,19,1089
2017-07-25,20,1380
2017-07-25,21,984
2017-07-25,22,717
2017-07-25,23,1010
2017-07-25,24,2000
2017-07-25,25,758
2017-07-25,26,479
2017-07-25,27,1482
2017-07-25,28,1253
2017-07-25,29,1184
2017-07-25,30,767
2017-07-25,31,1320
2017-07-25,32,497
2017-07-25,33,869
2017-07-25,34,1932
2017-07-25,35,636
2017-07-25,36,1044
2017-07-25,37,1496
2017-07-25,38,1293
2017-07-25,39,1370
2017-07-25,40,1358
2017-07-25,41,1033
2017-07-25,42,1049
2017-07-25,43,1453
2017-07-25,44,3738
2017-07-25,45,3279
2017-07-25,46,2911
2017-07-25,47,3267
2017-07-25,48,2503
2017-07-25,49,2545
2017-07-25,50,2496
2017-07-25,51,1468
2017-07-25,52,2057
2017-07-25,53,887
2017-07-25,54,727
2017-07-26,1,1903
2017-07-26,2,1848
2017-07-26,3,2927
2017-07-26,4,1323
2017-07-26,5,1141
2017-07-26,6,1602
2017-07-26,7,1824
2017-07-26,8,2617
2017-07-26,9,1720
2017-07-26,10,732
2017-07-26,11,2158
2017-07-26,12,1141
2017-07-26,13,818
2017-07-26,14,1083
2017-07-26,15,1246
2017-07-26,16,772
2017-07-26,17,1257
2017-07-26,18,1118
2017-07-26,19,1128
2017-07-26,20,1347
2017-07-26,21,936
2017-07-26,22,697
2017-07-26,23,969
2017-07-26,24,2263
2017-07-26,25,817
2017-07-26,26,482
2017-07-26,27,1647
2017-07-26,28,994
2017-07-26,29,1003
2017-07-26,30,738
2017-07-26,31,1153
2017-07-26,32,547
2017-07-26,33,796
2017-07-26,34,1780
2017-07-26,35,714
2017-07-26,36,918
2017-07-26,37,1551
2017-07-26,38,1405
2017-07-26,39,1212
2017-07-26,40,1227
2017-07-26,41,1171
2017-07-26,42,1077
2017-07-26,43,1330
2017-07-26,44,4190
2017-07-26,45,3349
2017-07-26,46,2839
2017-07-26,47,3503
2017-07-26,48,2412
2017-07-26,49,2863
2017-07-26,50,2396
2017-07-26,51,1693
2017-07-26,52,2021
2017-07-26,53,1015
2017-07-26,54,700
2017-07-27,1,1729
2017-07-27,2,1711
2017-07-27,3,2770
2017-07-27,4,1207
2017-07-27,5,1190
2017-07-27,6,1500
2017-07-27,7,1644
2017-07-27,8,2384
2017-07-27,9,1717
2017-07-27,10,779
2017-07-27,11,2023
2017-07-27,12,1106
2017-07-27,13,782
2017-07-27,14,1240
2017-07-27,15,1212
2017-07-27,16,614
2017-07-27,17,1258
2017-07-27,18,1151
2017-07-27,19,1011
2017-07-27,20,1426
2017-07-27,21,927
2017-07-27,22,707
2017-07-27,23,897
2017-07-27,24,1997
2017-07-27,25,758
2017-07-27,26,470
2017-07-27,27,1413
2017-07-27,28,1102
2017-07-27,29,1025
2017-07-27,30,749
2017-07-27,31,1289
2017-07-27,32,601
2017-07-27,33,798
2017-07-27,34,1849
2017-07-27,35,621
2017-07-27,36,1046
2017-07-27,37,1464
2017-07-27,38,1289
2017-07-27,39,1360
2017-07-27,40,1261
2017-07-27,41,956
2017-07-27,42,1052
2017-07-27,43,1288
2017-07-27,44,3801
2017-07-27,45,3257
2017-07-27,46,2821
2017-07-27,47,3114
2017-07-27,48,2506
2017-07-27,49,2601
2017-07-27,50,2272
2017-07-27,51,1549
2017-07-27,52,1891
2017-07-27,53,896
2017-07-27,54,662
2017-07-28,1,1848
2017-07-28,2,1900
2017-07-28,3,3318
2017-07-28,4,1482
2017-07-28,5,1259
2017-07-28,6,1801
2017-07-28,7,1937
2017-07-28,8,2831
2017-07-28,9,1790
2017-07-28,10,853
2017-07-28,11,2349
2017-07-28,12,1098
2017-07-28,13,874
2017-07-28,14,1139
2017-07-28,15,1367
2017-07-28,16,714
2017-07-28,17,1297
2017-07-28,18,1100
2017-07-28,19,1202
2017-07-28,20,1523
2017-07-28,21,1013
2017-07-28,22,786
2017-07-28,23,1025
2017-07-28,24,2341
2017-07-28,25,938
2017-07-28,26,537
2017-07-28,27,1468
2017-07-28,28,1100
2017-07-28,29,1058
2017-07-28,30,662
2017-07-28,31,1361
2017-07-28,32,573
2017-07-28,33,755
2017-07-28,34,2088
2017-07-28,35,636
2017-07-28,36,1072
2017-07-28,37,1624
2017-07-28,38,1696
2017-07-28,39,1426
2017-07-28,40,1232
2017-07-28,41,1176
2017-07-28,42,1164
2017-07-28,43,1372
2017-07-28,44,4406
2017-07-28,45,4053
2017-07-28,46,3358
2017-07-28,47,3752
2017-07-28,48,2810
2017-07-28,49,3175
2017-07-28,50,2755
2017-07-28,51,1789
2017-07-28,52,2498
2017-07-28,53,1050
2017-07-28,54,766
2017-07-29,1,1251
2017-07-29,2,1891
2017-07-29,3,3408
2017-07-29,4,1523
2017-07-29,5,1343
2017-07-29,6,1978
2017-07-29,7,1735
2017-07-29,8,2792
2017-07-29,9,2113
2017-07-29,10,1007
2017-07-29,11,2308
2017-07-29,12,1293
2017-07-29,13,1101
2017-07-29,14,1536
2017-07-29,15,1223
2017-07-29,16,777
2017-07-29,17,1657
2017-07-29,18,1201
2017-07-29,19,1668
2017-07-29,20,1966
2017-07-29,21,1343
2017-07-29,22,832
2017-07-29,23,960
2017-07-29,24,2253
2017-07-29,25,1084
2017-07-29,26,667
2017-07-29,27,1818
2017-07-29,28,1408
2017-07-29,29,1326
2017-07-29,30,736
2017-07-29,31,1483
2017-07-29,32,720
2017-07-29,33,985
2017-07-29,34,2372
2017-07-29,35,733
2017-07-29,36,1173
2017-07-29,37,1534
2017-07-29,38,1968
2017-07-29,39,1619
2017-07-29,40,1562
2017-07-29,41,1343
2017-07-29,42,1322
2017-07-29,43,1538
2017-07-29,44,5270
2017-07-29,45,4462
2017-07-29,46,4399
2017-07-29,47,4340
2017-07-29,48,3353
2017-07-29,49,3163
2017-07-29,50,3448
2017-07-29,51,1869
2017-07-29,52,3177
2017-07-29,53,1326
2017-07-29,54,870
2017-07-30,1,519
2017-07-30,2,1824
2017-07-30,3,3378
2017-07-30,4,1535
2017-07-30,5,1138
2017-07-30,6,1950
2017-07-30,7,1485
2017-07-30,8,2560
2017-07-30,9,1884
2017-07-30,10,810
2017-07-30,11,2177
2017-07-30,12,1205
2017-07-30,13,787
2017-07-30,14,930
2017-07-30,15,983
2017-07-30,16,852
2017-07-30,17,1605
2017-07-30,18,1218
2017-07-30,19,1043
2017-07-30,20,2155
2017-07-30,21,1524
2017-07-30,22,770
2017-07-30,23,828
2017-07-30,24,1832
2017-07-30,25,947
2017-07-30,26,576
2017-07-30,27,2022
2017-07-30,28,1628
2017-07-30,29,1500
2017-07-30,30,689
2017-07-30,31,1660
2017-07-30,32,693
2017-07-30,33,958
2017-07-30,34,2008
2017-07-30,35,767
2017-07-30,36,1175
2017-07-30,37,1038
2017-07-30,38,1839
2017-07-30,39,1506
2017-07-30,40,1265
2017-07-30,41,1469
2017-07-30,42,1242
2017-07-30,43,1640
2017-07-30,44,5123
2017-07-30,45,4610
2017-07-30,46,4305
2017-07-30,47,4353
2017-07-30,48,3753
2017-07-30,49,3103
2017-07-30,50,3069
2017-07-30,51,1859
2017-07-30,52,2580
2017-07-30,53,1422
2017-07-30,54,1108
2017-07-31,1,1872
2017-07-31,2,1778
2017-07-31,3,2983
2017-07-31,4,1303
2017-07-31,5,1305
2017-07-31,6,1607
2017-07-31,7,1812
2017-07-31,8,2720
2017-07-31,9,2040
2017-07-31,10,948
2017-07-31,11,2211
2017-07-31,12,1213
2017-07-31,13,990
2017-07-31,14,1355
2017-07-31,15,1381
2017-07-31,16,710
2017-07-31,17,1534
2017-07-31,18,1211
2017-07-31,19,1263
2017-07-31,20,1638
2017-07-31,21,1118
2017-07-31,22,794
2017-07-31,23,966
2017-07-31,24,2208
2017-07-31,25,853
2017-07-31,26,559
2017-07-31,27,1547
2017-07-31,28,1251
2017-07-31,29,1174
2017-07-31,30,740
2017-07-31,31,1384
2017-07-31,32,626
2017-07-31,33,828
2017-07-31,34,2146
2017-07-31,35,706
2017-07-31,36,1054
2017-07-31,37,1473
2017-07-31,38,1532
2017-07-31,39,1468
2017-07-31,40,1515
2017-07-31,41,1118
2017-07-31,42,1135
2017-07-31,43,1521
2017-07-31,44,3990
2017-07-31,45,3790
2017-07-31,46,3314
2017-07-31,47,3775
2017-07-31,48,2926
2017-07-31,49,2912
2017-07-31,50,2593
2017-07-31,51,1572
2017-07-31,52,2206
2017-07-31,53,1065
2017-07-31,54,860
2017-08-01,1,1795
2017-08-01,2,1819
2017-08-01,3,3066
2017-08-01,4,1362
2017-08-01,5,1365
2017-08-01,6,1616
2017-08-01,7,1794
2017-08-01,8,2717
2017-08-01,9,2271
2017-08-01,10,984
2017-08-01,11,2694
2017-08-01,12,1221
2017-08-01,13,898
2017-08-01,14,1272
2017-08-01,15,1481
2017-08-01,16,770
2017-08-01,17,1642
2017-08-01,18,1499
2017-08-01,19,1171
2017-08-01,20,1639
2017-08-01,21,1204
2017-08-01,22,772
2017-08-01,23,963
2017-08-01,24,2196
2017-08-01,25,839
2017-08-01,26,701
2017-08-01,27,1586
2017-08-01,28,1453
2017-08-01,29,1355
2017-08-01,30,863
2017-08-01,31,1570
2017-08-01,32,724
2017-08-01,33,1098
2017-08-01,34,1999
2017-08-01,35,667
2017-08-01,36,1297
2017-08-01,37,1533
2017-08-01,38,1585
2017-08-01,39,1527
2017-08-01,40,1656
2017-08-01,41,1178
2017-08-01,42,1183
2017-08-01,43,1527
2017-08-01,44,4063
2017-08-01,45,3701
2017-08-01,46,3458
2017-08-01,47,3846
2017-08-01,48,3003
2017-08-01,49,3034
2017-08-01,50,2679
2017-08-01,51,1685
2017-08-01,52,2147
2017-08-01,53,1074
2017-08-01,54,841
2017-08-02,1,1892
2017-08-02,2,1952
2017-08-02,3,3275
2017-08-02,4,1414
2017-08-02,5,1411
2017-08-02,6,1868
2017-08-02,7,1849
2017-08-02,8,2932
2017-08-02,9,2013
2017-08-02,10,871
2017-08-02,11,2526
2017-08-02,12,1227
2017-08-02,13,902
2017-08-02,14,1401
2017-08-02,15,1457
2017-08-02,16,729
2017-08-02,17,1393
2017-08-02,18,1278
2017-08-02,19,1130
2017-08-02,20,1625
2017-08-02,21,1089
2017-08-02,22,782
2017-08-02,23,1029
2017-08-02,24,2393
2017-08-02,25,982
2017-08-02,26,648
2017-08-02,27,1673
2017-08-02,28,1227
2017-08-02,29,1120
2017-08-02,30,775
2017-08-02,31,1418
2017-08-02,32,612
2017-08-02,33,912
2017-08-02,34,2034
2017-08-02,35,694
2017-08-02,36,1145
2017-08-02,37,1690
2017-08-02,38,1719
2017-08-02,39,1375
2017-08-02,40,1476
2017-08-02,41,1291
2017-08-02,42,1122
2017-08-02,43,1499
2017-08-02,44,4643
2017-08-02,45,3851
2017-08-02,46,3489
2017-08-02,47,3936
2017-08-02,48,3065
2017-08-02,49,3169
2017-08-02,50,2763
2017-08-02,51,1810
2017-08-02,52,2499
2017-08-02,53,1201
2017-08-02,54,747
2017-08-03,1,1726
2017-08-03,2,1712
2017-08-03,3,2962
2017-08-03,4,1287
2017-08-03,5,1227
2017-08-03,6,1639
2017-08-03,7,1725
2017-08-03,8,2595
2017-08-03,9,2103
2017-08-03,10,916
2017-08-03,11,2523
2017-08-03,12,1219
2017-08-03,13,888
2017-08-03,14,1299
2017-08-03,15,1381
2017-08-03,16,687
2017-08-03,17,1384
2017-08-03,18,1242
2017-08-03,19,1010
2017-08-03,20,1639
2017-08-03,21,993
2017-08-03,22,783
2017-08-03,23,964
2017-08-03,24,2107
2017-08-03,25,869
2017-08-03,26,475
2017-08-03,27,1429
2017-08-03,28,1197
2017-08-03,29,1139
2017-08-03,30,759
2017-08-03,31,1410
2017-08-03,32,570
2017-08-03,33,815
2017-08-03,34,1946
2017-08-03,35,762
2017-08-03,36,1090
2017-08-03,37,1454
2017-08-03,38,1361
2017-08-03,39,1334
2017-08-03,40,1300
2017-08-03,41,1088
2017-08-03,42,1101
2017-08-03,43,1389
2017-08-03,44,4169
2017-08-03,45,3598
2017-08-03,46,3162
2017-08-03,47,3688
2017-08-03,48,2844
2017-08-03,49,2780
2017-08-03,50,2521
2017-08-03,51,1499
2017-08-03,52,2045
2017-08-03,53,1004
2017-08-03,54,712
2017-08-04,1,1847
2017-08-04,2,1938
2017-08-04,3,3412
2017-08-04,4,1430
2017-08-04,5,1289
2017-08-04,6,1786
2017-08-04,7,1962
2017-08-04,8,2996
2017-08-04,9,2080
2017-08-04,10,900
2017-08-04,11,2508
2017-08-04,12,1131
2017-08-04,13,901
2017-08-04,14,1196
2017-08-04,15,1352
2017-08-04,16,698
2017-08-04,17,1359
2017-08-04,18,1129
2017-08-04,19,1050
2017-08-04,20,1524
2017-08-04,21,1097
2017-08-04,22,799
2017-08-04,23,1022
2017-08-04,24,2439
2017-08-04,25,1021
2017-08-04,26,604
2017-08-04,27,1600
2017-08-04,28,1113
2017-08-04,29,1141
2017-08-04,30,649
2017-08-04,31,1270
2017-08-04,32,582
2017-08-04,33,786
2017-08-04,34,2286
2017-08-04,35,602
2017-08-04,36,1068
2017-08-04,37,1633
2017-08-04,38,1533
2017-08-04,39,1328
2017-08-04,40,1329
2017-08-04,41,1117
2017-08-04,42,1166
2017-08-04,43,1479
2017-08-04,44,4515
2017-08-04,45,4132
2017-08-04,46,3350
2017-08-04,47,4010
2017-08-04,48,2896
2017-08-04,49,3216
2017-08-04,50,2773
2017-08-04,51,1885
2017-08-04,52,2442
2017-08-04,53,1177
2017-08-04,54,757
2017-08-05,1,1251
2017-08-05,2,1905
2017-08-05,3,3489
2017-08-05,4,1515
2017-08-05,5,1415
2017-08-05,6,1985
2017-08-05,7,1735
2017-08-05,8,2862
2017-08-05,9,2311
2017-08-05,10,1099
2017-08-05,11,2350
2017-08-05,12,1250
2017-08-05,13,1129
2017-08-05,14,1559
2017-08-05,15,1308
2017-08-05,16,813
2017-08-05,17,1657
2017-08-05,18,1341
2017-08-05,19,1618
2017-08-05,20,1977
2017-08-05,21,1397
2017-08-05,22,731
2017-08-05,23,930
2017-08-05,24,2276
2017-08-05,25,1171
2017-08-05,26,561
2017-08-05,27,1862
2017-08-05,28,1442
2017-08-05,29,1391
2017-08-05,30,688
2017-08-05,31,1497
2017-08-05,32,666
2017-08-05,33,898
2017-08-05,34,2324
2017-08-05,35,804
2017-08-05,36,1107
2017-08-05,37,1438
2017-08-05,38,1913
2017-08-05,39,1688
2017-08-05,40,1409
2017-08-05,41,1355
2017-08-05,42,1342
2017-08-05,43,1476
2017-08-05,44,5037
2017-08-05,45,4684
2017-08-05,46,4553
2017-08-05,47,4499
2017-08-05,48,3740
2017-08-05,49,3266
2017-08-05,50,3419
2017-08-05,51,1991
2017-08-05,52,2837
2017-08-05,53,1280
2017-08-05,54,867
2017-08-06,1,507
2017-08-06,2,1905
2017-08-06,3,3506
2017-08-06,4,1453
2017-08-06,5,1140
2017-08-06,6,1918
2017-08-06,7,1548
2017-08-06,8,2650
2017-08-06,9,2027
2017-08-06,10,920
2017-08-06,11,2430
2017-08-06,12,1240
2017-08-06,13,809
2017-08-06,14,917
2017-08-06,15,950
2017-08-06,16,816
2017-08-06,17,1676
2017-08-06,18,1398
2017-08-06,19,984
2017-08-06,20,2087
2017-08-06,21,1541
2017-08-06,22,703
2017-08-06,23,902
2017-08-06,24,1757
2017-08-06,25,957
2017-08-06,26,623
2017-08-06,27,1998
2017-08-06,28,1814
2017-08-06,29,1549
2017-08-06,30,671
2017-08-06,31,1655
2017-08-06,32,615
2017-08-06,33,895
2017-08-06,34,2036
2017-08-06,35,722
2017-08-06,36,1235
2017-08-06,37,1054
2017-08-06,38,1762
2017-08-06,39,1455
2017-08-06,40,1247
2017-08-06,41,1540
2017-08-06,42,1146
2017-08-06,43,1694
2017-08-06,44,5015
2017-08-06,45,4598
2017-08-06,46,4400
2017-08-06,47,4500
2017-08-06,48,3941
2017-08-06,49,3349
2017-08-06,50,2969
2017-08-06,51,1854
2017-08-06,52,2711
2017-08-06,53,1308
2017-08-06,54,1065
2017-08-07,1,1665
2017-08-07,2,1700
2017-08-07,3,3046
2017-08-07,4,1231
2017-08-07,5,1348
2017-08-07,6,1646
2017-08-07,7,1775
2017-08-07,8,2646
2017-08-07,9,2200
2017-08-07,10,947
2017-08-07,11,2322
2017-08-07,12,1170
2017-08-07,13,888
2017-08-07,14,1269
2017-08-07,15,1454
2017-08-07,16,693
2017-08-07,17,1456
2017-08-07,18,1238
2017-08-07,19,1150
2017-08-07,20,1525
2017-08-07,21,1052
2017-08-07,22,724
2017-08-07,23,930
2017-08-07,24,2099
2017-08-07,25,899
2017-08-07,26,483
2017-08-07,27,1596
2017-08-07,28,1115
2017-08-07,29,1145
2017-08-07,30,724
2017-08-07,31,1371
2017-08-07,32,563
2017-08-07,33,890
2017-08-07,34,1949
2017-08-07,35,667
2017-08-07,36,1077
2017-08-07,37,1477
2017-08-07,38,1380
2017-08-07,39,1355
2017-08-07,40,1489
2017-08-07,41,1102
2017-08-07,42,1086
2017-08-07,43,1562
2017-08-07,44,4049
2017-08-07,45,3756
2017-08-07,46,3333
2017-08-07,47,3808
2017-08-07,48,2937
2017-08-07,49,2860
2017-08-07,50,2694
2017-08-07,51,1528
2017-08-07,52,2152
2017-08-07,53,1009
2017-08-07,54,842
2017-08-08,1,1766
2017-08-08,2,1688
2017-08-08,3,2835
2017-08-08,4,1222
2017-08-08,5,1183
2017-08-08,6,1569
2017-08-08,7,1618
2017-08-08,8,2497
2017-08-08,9,2035
2017-08-08,10,903
2017-08-08,11,2285
2017-08-08,12,1148
2017-08-08,13,824
2017-08-08,14,1215
2017-08-08,15,1424
2017-08-08,16,653
2017-08-08,17,1433
2017-08-08,18,1337
2017-08-08,19,1118
2017-08-08,20,1543
2017-08-08,21,1112
2017-08-08,22,730
2017-08-08,23,908
2017-08-08,24,2097
2017-08-08,25,823
2017-08-08,26,450
2017-08-08,27,1397
2017-08-08,28,1211
2017-08-08,29,1218
2017-08-08,30,739
2017-08-08,31,1368
2017-08-08,32,574
2017-08-08,33,879
2017-08-08,34,1983
2017-08-08,35,660
2017-08-08,36,1157
2017-08-08,37,1406
2017-08-08,38,1349
2017-08-08,39,1471
2017-08-08,40,1458
2017-08-08,41,1006
2017-08-08,42,1026
2017-08-08,43,1475
2017-08-08,44,3690
2017-08-08,45,3476
2017-08-08,46,3057
2017-08-08,47,3424
2017-08-08,48,2607
2017-08-08,49,2635
2017-08-08,50,2545
2017-08-08,51,1469
2017-08-08,52,1997
2017-08-08,53,977
2017-08-08,54,752
2017-08-09,1,1766
2017-08-09,2,1786
2017-08-09,3,2962
2017-08-09,4,1325
2017-08-09,5,1275
2017-08-09,6,1649
2017-08-09,7,1750
2017-08-09,8,2739
2017-08-09,9,2003
2017-08-09,10,843
2017-08-09,11,2306
2017-08-09,12,1118
2017-08-09,13,774
2017-08-09,14,1212
2017-08-09,15,1327
2017-08-09,16,673
2017-08-09,17,1284
2017-08-09,18,1145
2017-08-09,19,1120
2017-08-09,20,1416
2017-08-09,21,965
2017-08-09,22,734
2017-08-09,23,1043
2017-08-09,24,2221
2017-08-09,25,1014
2017-08-09,26,506
2017-08-09,27,1587
2017-08-09,28,1050
2017-08-09,29,1051
2017-08-09,30,709
2017-08-09,31,1247
2017-08-09,32,542
2017-08-09,33,857
2017-08-09,34,2025
2017-08-09,35,586
2017-08-09,36,999
2017-08-09,37,1536
2017-08-09,38,1547
2017-08-09,39,1318
2017-08-09,40,1263
2017-08-09,41,1182
2017-08-09,42,1063
2017-08-09,43,1443
2017-08-09,44,4239
2017-08-09,45,3631
2017-08-09,46,3173
2017-08-09,47,3644
2017-08-09,48,2590
2017-08-09,49,2854
2017-08-09,50,2480
2017-08-09,51,1748
2017-08-09,52,2300
2017-08-09,53,1084
2017-08-09,54,748
2017-08-10,1,1764
2017-08-10,2,1695
2017-08-10,3,2841
2017-08-10,4,1281
2017-08-10,5,1262
2017-08-10,6,1527
2017-08-10,7,1702
2017-08-10,8,2649
2017-08-10,9,1923
2017-08-10,10,853
2017-08-10,11,2176
2017-08-10,12,1182
2017-08-10,13,819
2017-08-10,14,1241
2017-08-10,15,1355
2017-08-10,16,667
2017-08-10,17,1267
2017-08-10,18,1102
2017-08-10,19,1062
2017-08-10,20,1520
2017-08-10,21,882
2017-08-10,22,730
2017-08-10,23,979
2017-08-10,24,2149
2017-08-10,25,1044
2017-08-10,26,451
2017-08-10,27,1416
2017-08-10,28,1023
2017-08-10,29,1040
2017-08-10,30,629
2017-08-10,31,1204
2017-08-10,32,596
2017-08-10,33,815
2017-08-10,34,2150
2017-08-10,35,660
2017-08-10,36,1040
2017-08-10,37,1523
2017-08-10,38,1488
2017-08-10,39,1455
2017-08-10,40,1293
2017-08-10,41,1034
2017-08-10,42,1083
2017-08-10,43,1455
2017-08-10,44,3974
2017-08-10,45,3540
2017-08-10,46,2937
2017-08-10,47,3424
2017-08-10,48,2627
2017-08-10,49,2654
2017-08-10,50,2600
2017-08-10,51,1452
2017-08-10,52,2165
2017-08-10,53,994
2017-08-10,54,670
2017-08-11,1,570
2017-08-11,2,1698
2017-08-11,3,2991
2017-08-11,4,1301
2017-08-11,5,1183
2017-08-11,6,1747
2017-08-11,7,1541
2017-08-11,8,2212
2017-08-11,9,1848
2017-08-11,10,728
2017-08-11,11,2254
2017-08-11,12,1057
2017-08-11,13,841
2017-08-11,14,1072
2017-08-11,15,1074
2017-08-11,16,736
2017-08-11,17,1524
2017-08-11,18,930
2017-08-11,19,1158
2017-08-11,20,1751
2017-08-11,21,1165
2017-08-11,22,701
2017-08-11,23,955
2017-08-11,24,2008
2017-08-11,25,2195
2017-08-11,26,542
2017-08-11,27,1936
2017-08-11,28,1390
2017-08-11,29,1199
2017-08-11,30,640
2017-08-11,31,1240
2017-08-11,32,567
2017-08-11,33,810
2017-08-11,34,2256
2017-08-11,35,847
2017-08-11,36,1252
2017-08-11,37,1122
2017-08-11,38,1577
2017-08-11,39,1170
2017-08-11,40,1090
2017-08-11,41,1316
2017-08-11,42,1055
2017-08-11,43,1532
2017-08-11,44,4418
2017-08-11,45,4302
2017-08-11,46,3814
2017-08-11,47,4009
2017-08-11,48,3220
2017-08-11,49,3117
2017-08-11,50,2971
2017-08-11,51,1922
2017-08-11,52,2957
2017-08-11,53,1272
2017-08-11,54,768
2017-08-12,1,1004
2017-08-12,2,1613
2017-08-12,3,3070
2017-08-12,4,1304
2017-08-12,5,1061
2017-08-12,6,1706
2017-08-12,7,1612
2017-08-12,8,2463
2017-08-12,9,1920
2017-08-12,10,953
2017-08-12,11,2230
2017-08-12,12,1103
2017-08-12,13,1023
2017-08-12,14,1359
2017-08-12,15,1161
2017-08-12,16,717
2017-08-12,17,1547
2017-08-12,18,990
2017-08-12,19,1578
2017-08-12,20,1664
2017-08-12,21,1119
2017-08-12,22,888
2017-08-12,23,844
2017-08-12,24,1943
2017-08-12,25,1946
2017-08-12,26,507
2017-08-12,27,1773
2017-08-12,28,1284
2017-08-12,29,1196
2017-08-12,30,636
2017-08-12,31,1353
2017-08-12,32,649
2017-08-12,33,892
2017-08-12,34,2026
2017-08-12,35,842
2017-08-12,36,1135
2017-08-12,37,1182
2017-08-12,38,1711
2017-08-12,39,1314
2017-08-12,40,1324
2017-08-12,41,1254
2017-08-12,42,1019
2017-08-12,43,1540
2017-08-12,44,4277
2017-08-12,45,3994
2017-08-12,46,3697
2017-08-12,47,3825
2017-08-12,48,3198
2017-08-12,49,2985
2017-08-12,50,2987
2017-08-12,51,1590
2017-08-12,52,2804
2017-08-12,53,1212
2017-08-12,54,903
2017-08-13,1,416
2017-08-13,2,1658
2017-08-13,3,3075
2017-08-13,4,1378
2017-08-13,5,1098
2017-08-13,6,1781
2017-08-13,7,1410
2017-08-13,8,2355
2017-08-13,9,1745
2017-08-13,10,810
2017-08-13,11,2101
2017-08-13,12,1066
2017-08-13,13,769
2017-08-13,14,803
2017-08-13,15,892
2017-08-13,16,727
2017-08-13,17,1563
2017-08-13,18,1075
2017-08-13,19,931
2017-08-13,20,1834
2017-08-13,21,1403
2017-08-13,22,701
2017-08-13,23,824
2017-08-13,24,1520
2017-08-13,25,1107
2017-08-13,26,472
2017-08-13,27,1804
2017-08-13,28,1504
2017-08-13,29,1298
2017-08-13,30,673
2017-08-13,31,1467
2017-08-13,32,577
2017-08-13,33,867
2017-08-13,34,2081
2017-08-13,35,658
2017-08-13,36,1159
2017-08-13,37,888
2017-08-13,38,1544
2017-08-13,39,1158
2017-08-13,40,1095
2017-08-13,41,1346
2017-08-13,42,932
2017-08-13,43,1700
2017-08-13,44,4392
2017-08-13,45,4054
2017-08-13,46,3839
2017-08-13,47,3741
2017-08-13,48,3381
2017-08-13,49,3028
2017-08-13,50,2826
2017-08-13,51,1816
2017-08-13,52,2433
2017-08-13,53,1164
2017-08-13,54,1054
2017-08-14,1,1733
2017-08-14,2,1788
2017-08-14,3,3036
2017-08-14,4,1285
2017-08-14,5,1225
2017-08-14,6,1593
2017-08-14,7,1793
2017-08-14,8,2723
2017-08-14,9,1971
2017-08-14,10,875
2017-08-14,11,2203
2017-08-14,12,1061
2017-08-14,13,835
2017-08-14,14,1293
2017-08-14,15,1431
2017-08-14,16,667
2017-08-14,17,1323
2017-08-14,18,1201
2017-08-14,19,1173
2017-08-14,20,1522
2017-08-14,21,1045
2017-08-14,22,794
2017-08-14,23,974
2017-08-14,24,2092
2017-08-14,25,935
2017-08-14,26,479
2017-08-14,27,1576
2017-08-14,28,1064
2017-08-14,29,1031
2017-08-14,30,683
2017-08-14,31,1308
2017-08-14,32,576
2017-08-14,33,895
2017-08-14,34,2145
2017-08-14,35,594
2017-08-14,36,995
2017-08-14,37,1388
2017-08-14,38,1483
2017-08-14,39,1406
2017-08-14,40,1376
2017-08-14,41,1045
2017-08-14,42,1027
2017-08-14,43,1616
2017-08-14,44,4039
2017-08-14,45,3743
2017-08-14,46,3274
2017-08-14,47,3606
2017-08-14,48,2824
2017-08-14,49,2916
2017-08-14,50,2555
2017-08-14,51,1446
2017-08-14,52,2074
2017-08-14,53,895
2017-08-14,54,818
2017-08-15,1,1693
2017-08-15,2,1737
2017-08-15,3,2956
2017-08-15,4,1283
2017-08-15,5,1310
2017-08-15,6,1589
2017-08-15,7,1780
2017-08-15,8,2621
2017-08-15,9,2155
2017-08-15,10,1010
2017-08-15,11,2360
2017-08-15,12,1096
2017-08-15,13,842
2017-08-15,14,1241
2017-08-15,15,1320
2017-08-15,16,742
2017-08-15,17,1504
2017-08-15,18,1343
2017-08-15,19,1158
2017-08-15,20,1516
2017-08-15,21,1059
2017-08-15,22,766
2017-08-15,23,946
2017-08-15,24,2138
2017-08-15,25,849
2017-08-15,26,534
2017-08-15,27,1543
2017-08-15,28,1343
2017-08-15,29,1302
2017-08-15,30,825
2017-08-15,31,1360
2017-08-15,32,615
2017-08-15,33,919
2017-08-15,34,2007
2017-08-15,35,612
2017-08-15,36,1192
2017-08-15,37,1373
2017-08-15,38,1445
2017-08-15,39,1425
2017-08-15,40,1392
2017-08-15,41,1003
2017-08-15,42,995
2017-08-15,43,1482
2017-08-15,44,3815
2017-08-15,45,3685
2017-08-15,46,3197
2017-08-15,47,3581
2017-08-15,48,2722
2017-08-15,49,2814
2017-08-15,50,2804
2017-08-15,51,1573
2017-08-15,52,2255
2017-08-15,53,932
2017-08-15,54,802
